rank,name,team,role,IP,GS,SV,K,ERA,PROJ
1,Garrett Crochet,BOS,SP,205.33333333333331,32,0,255,2.586038961038961,647.0
2,Tarik Skubal,DET,SP,195.33333333333331,31,0,241,2.21160409556314,603.0
3,Paul Skenes,PIT,SP,187.66666666666663,32,0,216,1.9662522202486683,535.0
4,Cristopher Sánchez,PHI,SP,202.0,32,0,212,2.495049504950495,524.0
5,Logan Webb,SF,SP,207.0,34,0,224,3.217391304347826,522.0
6,Freddy Peralta,MIL,SP,176.66666666666663,33,0,204,2.7000000000000006,520.0
7,Hunter Brown,HOU,SP,185.33333333333331,31,0,206,2.428057553956835,503.0
8,Carlos Rodón,NYY,SP,195.33333333333331,33,0,203,3.08703071672355,500.0
9,Max Fried,NYY,SP,195.33333333333331,32,0,189,2.856655290102389,498.0
10,Bryan Woo,SEA,SP,186.66666666666663,30,0,198,2.941071428571429,487.0
11,Yoshinobu Yamamoto,LAD,SP,173.66666666666663,30,0,201,2.4875239923224575,481.0
12,Jesús Luzardo,PHI,SP,183.66666666666663,32,0,216,3.9201451905626143,475.0
13,Zack Wheeler,PHI,SP,149.66666666666663,24,0,195,2.706013363028954,463.0
14,Nick Pivetta,SD,SP,181.66666666666663,31,0,190,2.8733944954128448,455.0
15,Joe Ryan,MIN,SP,171.0,30,0,194,3.4210526315789473,450.0
16,Sonny Gray,STL,SP,180.66666666666663,32,0,201,4.2841328413284145,444.0
17,Jacob deGrom,TEX,SP,172.66666666666663,30,0,185,2.971042471042472,441.0
18,Framber Valdez,HOU,SP,192.0,31,0,187,3.65625,422.0
19,Kevin Gausman,TOR,SP,193.0,32,0,189,3.5906735751295336,410.0
20,Robbie Ray,SF,SP,182.33333333333331,32,0,186,3.652650822669105,400.0
21,Andrés Muñoz,SEA,CLOSER,62.333333333333336,0,38,83,1.732620320855615,396.0
22,Gavin Williams,CLE,SP,167.66666666666663,31,0,173,3.0596421471172968,395.0
23,Edwin Díaz,NYM,CLOSER,66.33333333333331,0,28,98,1.6281407035175883,394.0
24,Aroldis Chapman,BOS,CLOSER,61.333333333333336,0,32,85,1.1739130434782608,394.0
25,Dylan Cease,SD,SP,168.0,32,0,215,4.553571428571429,390.0
26,Robert Suarez,SD,CLOSER,69.66666666666667,0,40,75,2.9712918660287078,385.0
27,Jhoan Duran,PHI,CLOSER,70.0,0,32,80,2.057142857142857,384.0
28,Matthew Boyd,CHC,SP,179.66666666666663,31,0,154,3.2059369202226353,383.0
29,Nathan Eovaldi,TEX,SP,130.0,22,0,129,1.7307692307692308,380.0
30,Merrill Kelly,TEX,SP,184.0,32,0,167,3.5217391304347827,377.0
31,Nick Lodolo,CIN,SP,156.66666666666663,28,0,156,3.331914893617022,376.0
32,Jeff Hoffman,TOR,CLOSER,68.0,0,33,84,4.367647058823529,376.0
33,Chris Sale,ATL,SP,125.66666666666667,20,0,165,2.5782493368700266,373.0
34,Andrew Abbott,CIN,SP,166.33333333333331,29,0,149,2.8677354709418843,369.0
35,Logan Gilbert,SEA,SP,131.0,25,0,173,3.435114503816794,365.0
36,Brady Singer,CIN,SP,169.66666666666663,32,0,163,4.0314341846758355,363.0
37,Carlos Estévez,KC,CLOSER,66.0,0,42,54,2.4545454545454546,362.0
38,Ranger Suarez,PHI,SP,157.33333333333331,26,0,151,3.203389830508475,362.0
39,Luis Castillo,SEA,SP,180.66666666666663,32,0,162,3.536900369003691,361.0
40,Chris Bassitt,TOR,SP,170.33333333333331,31,0,166,3.962818003913895,360.0
41,David Bednar,NYY,CLOSER,62.66666666666668,0,27,86,2.2978723404255317,356.0
42,Ryan Pepiot,TB,SP,167.66666666666663,31,0,167,3.864811133200796,354.0
43,Tanner Bibee,CLE,SP,182.33333333333331,31,0,162,4.244972577696527,351.0
44,Jack Flaherty,DET,SP,161.0,31,0,188,4.6397515527950315,341.0
45,Casey Mize,DET,SP,149.0,28,0,139,3.865771812080537,339.0
46,Emilio Pagán,CIN,CLOSER,68.66666666666667,0,32,81,2.8834951456310676,332.0
47,Cade Smith,CLE,CLOSER,73.66666666666667,0,16,104,2.932126696832579,329.0
48,MacKenzie Gore,WSH,SP,159.66666666666663,30,0,185,4.171189979123175,329.0
49,Drew Rasmussen,TB,SP,150.0,31,0,127,2.76,328.0
50,Will Warren,NYY,SP,162.33333333333331,33,0,171,4.435318275154005,324.0
51,Hunter Greene,CIN,SP,107.66666666666667,19,0,132,2.7585139318885448,323.0
52,Edward Cabrera,MIA,SP,137.66666666666663,26,0,150,3.5302663438256667,323.0
53,Yusei Kikuchi,LAA,SP,178.33333333333331,33,0,174,3.9869158878504676,321.0
54,Zac Gallen,AZ,SP,192.0,33,0,175,4.828125,321.0
55,Quinn Priester,MIL,SP,157.33333333333331,24,0,132,3.317796610169492,318.0
56,Shane Baz,TB,SP,166.33333333333331,31,0,176,4.869739478957916,316.0
57,Mason Miller,SD,CLOSER,61.66666666666668,0,22,104,2.6270270270270264,313.0
58,Raisel Iglesias,ATL,CLOSER,67.33333333333331,0,29,73,3.207920792079209,313.0
59,Jack Leiter,TEX,SP,151.66666666666663,29,0,148,3.857142857142858,311.0
60,Clay Holmes,NYM,SP,165.66666666666663,31,0,129,3.5311871227364193,299.0
61,George Kirby,SEA,SP,126.0,23,0,137,4.214285714285714,298.0
62,Will Vest,DET,CLOSER,68.66666666666667,0,23,75,3.0145631067961163,296.0
63,David Peterson,NYM,SP,168.66666666666663,30,0,150,4.215415019762847,296.0
64,Trevor Rogers,BAL,SP,109.66666666666667,18,0,103,1.8054711246200608,296.0
65,Brayan Bello,BOS,SP,166.66666666666663,28,0,124,3.3480000000000008,295.0
66,Shane Smith,CWS,SP,146.33333333333331,29,0,145,3.813211845102506,290.0
67,Zack Littell,CIN,SP,186.66666666666663,32,0,130,3.8089285714285723,290.0
68,Dean Kremer,BAL,SP,171.66666666666663,29,0,142,4.194174757281554,289.0
69,José Soriano,LAA,SP,169.0,31,0,152,4.260355029585799,287.0
70,Jeffrey Springs,OAK,SP,171.0,30,0,138,4.105263157894737,284.0
71,Kris Bubic,KC,SP,116.33333333333331,20,0,116,2.553008595988539,283.0
72,Colin Rea,CHC,SP,159.33333333333331,27,1,127,3.95397489539749,281.0
73,Pete Fairbanks,TB,CLOSER,60.333333333333336,0,27,59,2.8342541436464086,280.0
74,Ryne Nelson,AZ,SP,154.0,23,1,132,3.3896103896103895,278.0
75,Lucas Giolito,BOS,SP,145.0,26,0,121,3.413793103448276,276.0
76,Cade Horton,CHC,SP,118.0,22,0,97,2.669491525423729,273.0
77,Noah Cameron,KC,SP,138.33333333333331,24,0,114,2.99277108433735,273.0
78,Brandon Pfaadt,AZ,SP,176.66666666666663,33,0,147,5.247169811320756,271.0
79,Michael Wacha,KC,SP,172.66666666666663,31,0,126,3.857142857142858,269.0
80,José Berríos,TOR,SP,166.0,30,0,138,4.174698795180723,267.0
81,Mitch Keller,PIT,SP,176.33333333333331,32,0,150,4.185255198487713,266.0
82,Ronny Henriquez,MIA,RP,73.0,0,7,98,2.219178082191781,263.0
83,Shota Imanaga,CHC,SP,144.66666666666663,25,0,117,3.7327188940092175,262.0
84,Spencer Schwellenbach,ATL,SP,110.66666666666667,17,0,108,3.0903614457831323,261.0
85,Devin Williams,NYY,CLOSER,62.0,0,18,90,4.790322580645161,257.0
86,Eric Lauer,TOR,SP,104.66666666666667,15,0,102,3.1815286624203822,248.0
87,Justin Verlander,SF,SP,152.0,29,0,137,3.848684210526316,248.0
88,Patrick Corbin,TEX,SP,155.33333333333331,30,0,131,4.40343347639485,246.0
89,Kodai Senga,NYM,SP,113.33333333333331,22,0,109,3.01764705882353,246.0
90,Jameson Taillon,CHC,SP,129.66666666666663,23,0,98,3.678663239074551,246.0
91,Eduardo Rodriguez,AZ,SP,154.33333333333331,29,0,143,5.015118790496761,244.0
92,Chad Patrick,MIL,SP,119.66666666666667,23,0,127,3.534818941504178,244.0
93,Spencer Strider,ATL,SP,125.33333333333331,23,0,131,4.452127659574469,243.0
94,Bryan Abreu,HOU,RP,71.0,0,7,105,2.2816901408450705,242.0
95,Matthew Liberatore,STL,SP,151.66666666666663,29,0,122,4.213186813186814,241.0
96,Seth Lugo,KC,SP,145.33333333333331,26,0,125,4.14908256880734,240.0
97,Adrian Morejon,SD,RP,73.66666666666667,0,3,70,2.0769230769230766,238.0
98,Jacob Lopez,OAK,SP,92.66666666666667,17,0,113,4.0791366906474815,237.0
99,Edwin Uceta,TB,RP,76.0,0,1,103,3.789473684210526,234.0
100,Clayton Kershaw,LAD,SP,112.66666666666667,22,0,84,3.3550295857988166,230.0
101,Sandy Alcantara,MIA,SP,174.66666666666663,31,0,142,5.3587786259542,228.0
102,Michael Lorenzen,KC,SP,141.66666666666663,26,0,127,4.63764705882353,227.0
103,Joey Cantillo,CLE,SP,95.33333333333331,13,1,108,3.2097902097902105,225.0
104,Nick Martinez,CIN,SP,165.66666666666663,26,0,116,4.454728370221329,225.0
105,Logan Allen,CLE,SP,156.66666666666663,29,0,122,4.251063829787235,225.0
106,Charlie Morton,ATL,SP,142.0,27,0,149,5.830985915492958,224.0
107,Abner Uribe,MIL,RP,75.33333333333331,0,7,90,1.6725663716814163,223.0
108,Dennis Santana,PIT,CLOSER,70.33333333333331,0,16,60,2.1753554502369674,223.0
109,Eury Pérez,MIA,SP,95.33333333333331,20,0,105,4.248251748251749,223.0
110,Tyler Glasnow,LAD,SP,90.33333333333331,18,0,106,3.18819188191882,220.0
111,Landen Roupp,SF,SP,106.66666666666667,22,0,102,3.796875,220.0
112,Grant Holmes,ATL,SP,115.0,21,0,123,3.991304347826087,220.0
113,Simeon Woods Richardson,MIN,SP,111.33333333333331,22,0,107,4.041916167664671,219.0
114,Camilo Doval,NYY,CLOSER,65.33333333333331,0,16,72,3.5816326530612255,219.0
115,Luis Severino,OAK,SP,162.66666666666663,29,0,124,4.53688524590164,217.0
116,Sean Burke,CWS,SP,134.33333333333331,22,0,133,4.220843672456576,217.0
117,Jeremiah Estrada,SD,RP,73.0,0,3,108,3.452054794520548,215.0
118,JP Sears,SD,SP,135.66666666666663,27,0,117,5.041769041769043,215.0
119,Garrett Whitlock,BOS,RP,72.0,0,1,91,2.25,214.0
120,Adrian Houser,TB,SP,125.0,21,0,92,3.312,214.0
121,Emmet Sheehan,LAD,SP,73.33333333333331,12,0,89,2.8227272727272736,213.0
122,Ryan Walker,SF,CLOSER,61.333333333333336,0,17,60,4.108695652173913,212.0
123,Brandon Woodruff,MIL,SP,64.66666666666667,12,0,83,3.2010309278350513,211.0
124,Shawn Armstrong,TEX,RP,74.0,2,9,74,2.310810810810811,209.0
125,Slade Cecconi,CLE,SP,132.0,23,0,109,4.295454545454546,209.0
126,Jose Quintana,MIL,SP,131.66666666666663,24,0,89,3.9645569620253176,207.0
127,Tomoyuki Sugano,BAL,SP,157.0,30,0,106,4.643312101910828,206.0
128,Bryce Elder,ATL,SP,156.33333333333331,28,0,131,5.296375266524521,200.0
129,Dustin May,BOS,SP,132.33333333333331,23,0,123,4.964735516372797,200.0
130,Calvin Faucher,MIA,CLOSER,60.333333333333336,0,15,59,3.281767955801105,199.0
131,Bailey Ober,MIN,SP,146.33333333333331,27,0,120,5.104783599088839,198.0
132,Davis Martin,CWS,SP,142.66666666666663,25,0,104,4.100467289719627,196.0
133,Taj Bradley,MIN,SP,142.66666666666663,27,0,127,5.046728971962618,195.0
134,Kyle Hendricks,LAA,SP,164.66666666666663,31,0,114,4.75506072874494,193.0
135,Jordan Leasure,CWS,RP,64.33333333333331,1,7,81,3.917098445595856,191.0
136,Phil Maton,TEX,RP,61.333333333333336,0,5,81,2.7880434782608696,190.0
137,Michael King,SD,SP,73.33333333333331,15,0,76,3.4363636363636374,188.0
138,Tylor Megill,NYM,SP,68.33333333333331,14,0,89,3.9512195121951232,187.0
139,Cole Ragans,KC,SP,61.66666666666668,13,0,98,4.67027027027027,185.0
140,Cam Schlittler,NYY,SP,73.0,14,0,84,2.958904109589041,185.0
141,Robert Garcia,TEX,RP,64.0,0,9,68,2.953125,185.0
142,Aaron Ashby,MIL,RP,66.66666666666667,1,3,76,2.1599999999999997,185.0
143,Kyle Freeland,COL,SP,162.66666666666663,31,0,124,4.979508196721313,183.0
144,Jason Adam,SD,RP,65.33333333333331,0,0,70,1.928571428571429,180.0
145,Tyler Mahle,TEX,SP,86.66666666666667,16,0,66,2.1807692307692306,180.0
146,Ben Brown,CHC,SP,106.33333333333331,15,1,121,5.924764890282133,179.0
147,Pablo López,MIN,SP,75.66666666666667,14,0,73,2.7356828193832596,179.0
148,Mike Vasil,CWS,RP,101.0,3,4,82,2.495049504950495,178.0
149,Luke Weaver,NYY,RP,64.66666666666667,0,8,72,3.6185567010309274,178.0
150,Brad Lord,WSH,SP,130.66666666666663,19,0,108,4.339285714285715,178.0
151,Blake Snell,LAD,SP,61.333333333333336,11,0,72,2.3478260869565215,178.0
152,Jacob Misiorowski,MIL,SP,66.0,14,0,87,4.363636363636363,178.0
153,Brad Keller,CHC,RP,69.66666666666667,1,3,75,2.066985645933014,177.0
154,Carmen Mlodzinski,PIT,SP,99.0,12,0,89,3.5454545454545454,177.0
155,Orion Kerkering,PHI,RP,60.0,0,4,65,3.3,176.0
156,Lake Bachar,MIA,RP,71.0,1,3,75,3.9295774647887325,175.0
157,José A. Ferrer,WSH,CLOSER,76.33333333333331,0,11,71,4.480349344978167,175.0
158,Stephen Kolek,KC,SP,112.66666666666667,19,0,77,3.5147928994082838,174.0
159,Mike Burrows,PIT,SP,96.0,19,0,97,3.9375,173.0
160,Sean Newcomb,OAK,RP,92.33333333333331,5,2,91,2.7292418772563183,172.0
161,Miles Mikolas,STL,SP,156.33333333333331,31,0,100,4.835820895522389,171.0
162,Gabe Speier,SEA,RP,62.0,0,0,82,2.6129032258064515,170.0
163,Luis Ortiz,CLE,SP,88.66666666666667,16,0,96,4.364661654135338,170.0
164,Cade Povich,BAL,SP,112.33333333333331,20,0,118,5.207715133531158,169.0
165,Brendon Little,TOR,RP,68.33333333333331,0,1,91,3.0292682926829277,169.0
166,Walker Buehler,PHI,SP,126.0,24,0,92,4.928571428571429,168.0
167,Griffin Canning,NYM,SP,76.33333333333331,16,0,70,3.7729257641921405,167.0
168,Garrett Cleavinger,TB,RP,61.333333333333336,0,2,82,2.3478260869565215,166.0
169,Eduard Bazardo,SEA,RP,78.66666666666667,0,0,82,2.516949152542373,166.0
170,Reid Detmers,LAA,RP,63.66666666666668,0,3,80,3.9581151832460724,165.0
171,Keegan Akin,BAL,RP,63.333333333333336,3,8,59,3.4105263157894736,164.0
172,Tony Santillan,CIN,RP,73.66666666666667,0,7,75,2.443438914027149,164.0
173,Jack Dreyer,LAD,RP,76.33333333333331,5,4,74,2.94759825327511,164.0
174,JoJo Romero,STL,RP,61.0,0,8,55,2.0655737704918034,163.0
175,Michael Soroka,CHC,SP,89.66666666666667,17,0,95,4.5167286245353155,163.0
176,Bryan Baker,TB,RP,68.66666666666667,0,3,83,4.063106796116505,163.0
177,J.T. Ginn,OAK,SP,90.33333333333331,16,0,99,5.081180811808119,162.0
178,Steven Okert,HOU,RP,71.66666666666667,1,1,84,3.013953488372093,161.0
179,Jared Koenig,MIL,RP,66.0,0,2,68,2.8636363636363638,160.0
180,Bryan King,HOU,RP,68.0,0,2,69,2.7794117647058822,160.0
181,Matt Strahm,PHI,RP,62.333333333333336,0,6,70,2.7433155080213902,160.0
182,Janson Junk,MIA,SP,110.0,16,1,77,4.172727272727273,159.0
183,Taijuan Walker,PHI,SP,123.66666666666667,21,1,86,4.0754716981132075,158.0
184,Brant Hurter,DET,RP,63.0,4,2,68,2.4285714285714284,157.0
185,Seranthony Domínguez,TOR,RP,62.66666666666668,0,2,79,3.159574468085106,156.0
186,Ryan Gusto,MIA,SP,101.66666666666667,17,0,97,5.665573770491803,155.0
187,Clarke Schmidt,NYY,SP,78.66666666666667,14,0,73,3.3177966101694913,155.0
188,Braxton Ashcraft,PIT,RP,69.66666666666667,8,0,71,2.712918660287081,155.0
189,Griffin Jax,TB,RP,66.0,2,0,99,4.2272727272727275,154.0
190,Jake Irvin,WSH,SP,180.0,33,0,124,5.7,154.0
191,Justin Wrobleski,LAD,RP,66.66666666666667,2,2,76,4.319999999999999,152.0
192,Randy Vásquez,SD,SP,133.66666666666663,26,0,78,3.8379052369077318,152.0
193,Zebby Matthews,MIN,SP,79.33333333333331,16,0,88,5.558823529411766,150.0
194,Tyler Kinley,ATL,RP,72.66666666666667,0,3,73,3.9633027522935778,150.0
195,Greg Weissert,BOS,RP,67.0,0,4,57,2.8208955223880596,150.0
196,Kyle Leahy,STL,RP,88.0,1,1,80,3.0681818181818183,148.0
197,Bailey Falter,KC,SP,125.33333333333331,24,0,81,4.452127659574469,147.0
198,Reese Olson,DET,SP,68.66666666666667,13,0,65,3.145631067961165,147.0
199,Matt Svanson,STL,RP,60.333333333333336,0,0,68,1.9392265193370164,147.0
200,Chris Paddack,DET,SP,158.0,28,1,112,5.3544303797468356,147.0
201,Max Scherzer,TOR,SP,85.0,17,0,82,5.188235294117647,144.0
202,Aaron Civale,CHC,SP,102.0,18,1,88,4.852941176470588,144.0
203,Ben Casparius,LAD,RP,77.66666666666667,3,2,71,4.63519313304721,144.0
204,Tanner Banks,PHI,RP,67.33333333333331,1,1,61,3.074257425742575,143.0
205,Louis Varland,TOR,RP,72.66666666666667,1,0,75,2.9724770642201834,143.0
206,Lucas Erceg,KC,RP,61.333333333333336,0,2,48,2.641304347826087,142.0
207,Aaron Nola,PHI,SP,94.33333333333331,17,0,97,6.010600706713782,141.0
208,Jacob Latz,TEX,RP,85.66666666666667,8,1,76,2.836575875486381,140.0
209,Tyler Anderson,LAA,SP,136.33333333333331,26,0,104,4.555012224938876,140.0
210,Hunter Gaddis,CLE,RP,66.66666666666667,0,3,73,3.105,140.0
211,Dylan Lee,ATL,RP,68.33333333333331,0,2,76,3.292682926829269,140.0
212,Corbin Burnes,AZ,SP,64.33333333333331,11,0,63,2.658031088082902,139.0
213,Graham Ashcraft,CIN,RP,65.33333333333331,0,0,64,3.9948979591836746,138.0
214,Scott Barlow,CIN,RP,68.33333333333331,1,1,75,4.2146341463414645,137.0
215,Andre Pallante,STL,SP,162.66666666666663,31,0,111,5.311475409836067,137.0
216,Tyler Holton,DET,RP,78.66666666666667,6,0,64,3.661016949152542,136.0
217,Steven Matz,BOS,RP,76.66666666666667,2,2,59,3.052173913043478,136.0
218,Justin Sterner,OAK,RP,65.0,1,0,70,3.1846153846153844,134.0
219,Ryan Bergert,KC,SP,76.33333333333331,15,0,73,3.6550218340611362,134.0
220,Jimmy Herget,COL,RP,83.33333333333331,0,0,81,2.4840000000000004,132.0
221,Mitchell Parker,WSH,SP,164.66666666666663,30,1,103,5.684210526315791,132.0
222,Colton Gordon,HOU,SP,86.0,14,1,72,5.337209302325581,130.0
223,Michael McGreevy,STL,SP,95.66666666666667,16,0,58,4.421602787456446,130.0
224,Wandy Peralta,SD,RP,71.66666666666667,1,0,63,3.13953488372093,129.0
225,Brandon Eisert,CWS,RP,69.66666666666667,3,2,74,4.392344497607655,127.0
226,Keider Montero,DET,SP,90.66666666666667,12,0,72,4.367647058823529,126.0
227,Huascar Brazobán,NYM,RP,63.0,3,2,57,3.5714285714285716,125.0
228,Jacob Webb,TEX,RP,66.0,0,1,58,3.0,125.0
229,Joey Wentz,ATL,SP,98.0,13,0,92,5.6020408163265305,124.0
230,Hogan Harris,OAK,RP,64.66666666666667,0,4,65,3.2010309278350513,124.0
231,Brock Burke,LAA,RP,61.66666666666668,1,0,52,3.356756756756756,123.0
232,Yu Darvish,SD,SP,72.0,15,0,68,5.375,122.0
233,Logan Evans,SEA,SP,81.33333333333331,15,0,59,4.315573770491804,122.0
234,Yariel Rodríguez,TOR,RP,73.0,1,2,66,3.0821917808219177,121.0
235,Tyler Alexander,CWS,RP,97.66666666666667,5,1,82,4.976109215017065,120.0
236,Cole Sands,MIN,RP,72.0,3,3,64,4.5,120.0
237,Max Meyer,MIA,SP,64.66666666666667,12,0,68,4.731958762886598,120.0
238,Anthony Banda,LAD,RP,65.0,1,0,61,3.1846153846153844,117.0
239,Sean Manaea,NYM,SP,60.66666666666668,12,0,75,5.637362637362636,117.0
240,Grant Anderson,MIL,RP,69.66666666666667,0,0,74,3.229665071770335,117.0
241,Jason Alexander,HOU,SP,77.33333333333331,13,1,65,4.771551724137932,115.0
242,Hayden Birdsong,SF,SP,65.66666666666667,10,0,68,4.796954314720812,114.0
243,Enyel De Los Santos,HOU,RP,66.0,0,0,62,4.363636363636363,112.0
244,Tyler Rogers,NYM,RP,77.33333333333331,0,0,48,1.9784482758620694,110.0
245,Andrew Heaney,LAD,SP,122.33333333333331,23,0,86,5.5177111716621265,108.0
246,Spencer Bivens,SF,RP,81.0,0,3,61,4.0,108.0
247,Juan Mejia,COL,RP,61.333333333333336,0,1,68,3.9619565217391304,107.0
248,Jakob Junis,CLE,RP,66.66666666666667,0,0,55,2.9699999999999998,106.0
249,Tyler Phillips,MIA,RP,77.66666666666667,1,4,52,2.781115879828326,106.0
250,Daniel Lynch IV,KC,RP,67.66666666666667,2,1,45,3.0591133004926108,106.0
251,John Schreiber,KC,RP,64.0,0,1,62,3.796875,106.0
252,José Buttó,SF,RP,67.0,0,1,58,3.8955223880597014,105.0
253,Angel Zerpa,KC,RP,64.66666666666667,2,0,58,4.175257731958762,105.0
254,Gregory Soto,NYM,RP,60.333333333333336,0,1,70,4.176795580110497,101.0
255,Jonathan Cannon,CWS,SP,103.66666666666667,17,0,86,5.816720257234726,101.0
256,Tommy Kahnle,DET,RP,63.0,0,9,50,4.428571428571429,100.0
257,Ryan Yarbrough,NYY,RP,64.0,8,1,55,4.359375,100.0
258,Bryce Miller,SEA,SP,90.33333333333331,18,0,74,5.678966789667898,98.0
259,Emerson Hancock,SEA,SP,90.0,16,0,64,4.9,97.0
260,Caleb Ferguson,SEA,RP,65.33333333333331,0,0,51,3.5816326530612255,95.0
261,Tanner Gordon,COL,SP,75.33333333333331,15,0,62,6.331858407079648,95.0
262,Yuki Matsui,SD,RP,63.333333333333336,0,1,61,3.9789473684210526,95.0
263,Hunter Dobbins,BOS,SP,61.0,11,0,45,4.131147540983607,95.0
264,Carlos Vargas,SEA,RP,77.0,0,1,54,3.9740259740259742,94.0
265,Cal Quantrill,ATL,SP,117.66666666666667,26,0,85,6.042492917847025,91.0
266,Yoendrys Gómez,CWS,RP,62.66666666666668,9,1,58,5.170212765957446,91.0
267,Kumar Rocker,TEX,SP,64.33333333333331,14,0,56,5.735751295336789,87.0
268,Mitch Spence,OAK,RP,84.66666666666667,8,1,66,5.102362204724409,87.0
269,Hoby Milner,TEX,RP,70.33333333333331,0,0,58,3.8388625592417074,87.0
270,Justin Topa,MIN,RP,60.0,1,4,49,3.9,86.0
271,Zach Eflin,BAL,SP,71.33333333333331,14,0,50,5.929906542056076,85.0
272,Erick Fedde,MIL,SP,141.0,24,0,83,5.48936170212766,79.0
273,Kolby Allard,CLE,RP,65.0,2,0,42,2.6307692307692307,76.0
274,Jackson Rutledge,WSH,RP,73.33333333333331,0,0,65,5.768181818181819,74.0
275,Brenan Hanifee,DET,RP,60.0,0,0,40,3.0,72.0
276,Trevor Williams,WSH,SP,82.66666666666667,17,0,65,6.205645161290322,72.0
277,Osvaldo Bido,OAK,SP,79.66666666666667,10,1,68,5.874476987447698,71.0
278,Tim Hill,NYY,RP,67.0,0,0,37,3.08955223880597,69.0
279,Chase Dollander,COL,SP,98.0,21,0,82,6.520408163265306,63.0
280,Rafael Montero,DET,RP,60.333333333333336,0,0,58,4.475138121546961,61.0
281,Brent Suter,CIN,RP,67.66666666666667,3,0,53,4.522167487684729,59.0
282,Bowden Francis,TOR,SP,64.0,14,0,54,6.046875,59.0
283,Valente Bellozo,MIA,RP,81.33333333333331,6,0,54,4.647540983606558,52.0
284,Jordan Hicks,BOS,RP,67.33333333333331,9,2,58,6.950495049504952,50.0
285,Germán Márquez,COL,SP,126.33333333333331,26,0,83,6.696569920844328,39.0
286,Jack Kochanowicz,LAA,SP,111.0,23,0,72,6.8108108108108105,24.0
287,Antonio Senzatela,COL,SP,130.0,23,0,73,6.6461538461538465,22.0
