pitcher_id,pitcher_name,team,game_date,n_starts_prior,fp_projection,avg_fp_actual,n_starts_actual,k_pct_prior,bb_pct_prior,k_bb_pct_prior,csw_pct_prior,whiff_pct_prior,hard_hit_pct_prior,barrel_pct_prior,gb_pct_prior,fb_pct_prior,xwoba_against_prior,era_prior,whip_prior,xfip_prior,siera_prior,ip_per_start_prior,hr_per_9_prior,wins_prior,is_home,park_factor,days_of_rest,prior_pitches,own_team_oaa,model_se,sample_se,total_se,lo80,hi80
694819,Misiorowski,Brewers,2026-06-06,13,19.222572831608083,22.65,13,0.38495307296397213,0.0814894123245301,0.303463660639442,0.341643117410385,0.3284820186767336,0.33309233629415413,0.04007436480066102,0.41137756941940135,0.2480165885322755,0.24179527538298337,1.5,0.8076923076923077,1.6607948717948717,0.5554857100749351,6.0,0.46153846153846156,7,0.5,100.0,5.0,91.07692307692308,-5.765124555160142,0.47481995234467433,2.0,2.055590909481894,16.59141646747126,21.853729195744908
656302,Cease,Blue Jays,2026-06-09,12,17.30875061714336,17.04,12,0.35104353356073303,0.09406676577915936,0.2569767677815737,0.31264500534952167,0.3411042634620343,0.3804265041888804,0.06450875856816451,0.4395159515951595,0.22486248624862487,0.2835706049153318,2.911764705882353,1.161764705882353,1.9785294117647059,1.1336878222976927,5.666666666666667,0.6617647058823529,3,0.5,100.0,5.0,97.83333333333333,2.882562277580071,0.5013336368816699,2.041241452319315,2.101904394147286,14.618312992634834,19.999188241651886
607192,Glasnow,Dodgers,2026-04-29,6,16.840146908401593,18.53,6,0.3120291936571211,0.09553519400405891,0.2164939996530622,0.31308406808430383,0.27829244321490976,0.3851735796157335,0.07363733817102333,0.46149440776175715,0.25869155100390784,0.2585802822002284,2.560344827586207,0.8275862068965518,2.4713620689655174,1.4224174579985391,6.444444444444444,0.9310344827586208,3,0.5,100.0,5.0,97.5,49.00355871886121,0.6706872306993702,2.3570226039551585,2.4505870555805087,13.703395477258542,19.976898339544643
650911,"Sánchez, C",Phillies,2026-06-08,14,16.44961273922768,22.81,14,0.2915339291252009,0.049249498512831155,0.2422844306123697,0.32428213392882543,0.297720434404972,0.4290606653620352,0.08202870189171559,0.5900621118012422,0.17113280094646555,0.26758023351244986,1.542857142857143,1.0607142857142857,1.9874428571428573,0.23542817162230734,6.666666666666666,0.38571428571428573,8,0.5,100.0,5.0,96.0,-25.94306049822064,0.5952675099434905,1.9611613513818404,2.0495114672887706,13.826238061098053,19.072987417357304
519242,Sale,Braves,2026-06-10,13,15.943727440315815,18.81,13,0.2955479306985217,0.06252735045612146,0.23302058024240024,0.31112144702842376,0.2729645222781442,0.31800052443450777,0.06130363377910267,0.4539038539703655,0.21431474707164763,0.2816659038993247,2.297872340425532,1.0468085106382978,2.340340425531915,1.2286883639005246,6.0256410256410255,0.6893617021276596,8,0.5,100.0,5.0,96.15384615384616,37.47330960854092,0.36089759314723846,2.0,2.0323009306545794,13.342382249077954,18.545072631553676
660271,Ohtani,Dodgers,2026-06-10,11,15.933643040183757,19.49,11,0.2983471074380165,0.06231501057082453,0.23603209686719198,0.3089238131491653,0.2851272498150837,0.3719754423979776,0.04171180931744312,0.4890788224121557,0.24754669199113644,0.2471099950464129,1.064039408866995,0.8423645320197044,2.6841773399014777,1.3358773964497035,6.151515151515152,0.3990147783251231,6,0.5,100.0,5.0,95.0,49.00355871886121,0.493043982972778,2.0851441405707476,2.142642867139128,13.191060170245674,18.67622591012184
695505,"Burns, Ch",Reds,2026-06-09,13,15.12693750472501,17.49,13,0.3095569150908417,0.07977790765634132,0.2297790074345004,0.28937034200192097,0.3098844850245556,0.40690435766836447,0.08870967741935484,0.402975743935984,0.23055763940985247,0.2778076324641227,2.1409691629955945,0.9911894273127753,2.617920704845815,1.7364430946011127,5.820512820512821,1.0704845814977972,7,0.5,100.0,5.0,91.76923076923077,25.94306049822064,0.3528987266658996,2.0,2.0308957411158293,12.527390956096749,17.72648405335327
808967,Yamamoto,Dodgers,2026-06-06,12,14.8620578857,15.57,12,0.2520107238605898,0.06091437632135307,0.19109634753923674,0.28567143768853626,0.25936955008237345,0.3760599527769223,0.06960271019402525,0.5199595848259392,0.19897125011481584,0.2735058483497848,2.6767241379310347,0.9181034482758621,2.64725,1.3313305667200375,6.444444444444444,1.0474137931034484,6,0.5,100.0,5.0,96.33333333333333,49.00355871886121,0.4994603865535478,2.041241452319315,2.1014583851227906,12.172191152742828,17.55192461865717
690986,Harrison,Brewers,2026-06-02,10,14.591035593026248,19.71,10,0.30087719298245613,0.06688311688311688,0.23399407609933925,0.30268927214264835,0.2682725773951273,0.3261427837699024,0.06471494607087827,0.43170838823012736,0.21958717610891523,0.3087297030996177,1.4907975460122698,0.9570552147239263,2.071631901840491,1.0367727203893988,5.433333333333334,0.6625766871165644,7,0.5,100.0,5.0,91.6,-5.765124555160142,0.557729682316444,2.1320071635561044,2.2037506537699194,11.77023475620075,17.411836429851746
694973,Skenes,Pirates,2026-06-09,13,14.561250275085936,16.64,13,0.30016112517759486,0.048803833699009876,0.251357291478585,0.26852539550778876,0.24963853056540236,0.36107954545454546,0.053030303030303025,0.4505050505050505,0.20841750841750842,0.249715199122475,2.269911504424779,0.8628318584070797,2.1155663716814157,0.8107610325810986,5.794871794871795,0.7168141592920354,6,0.5,100.0,5.0,93.15384615384616,0.0,0.3858930649240188,2.0,2.036888179934395,11.954033404769909,17.168467145401962
676979,Crochet,Red Sox,2026-04-25,5,14.540320296992935,17.62,5,0.3143716577540107,0.06193379790940766,0.25243785984460304,0.27911479601335504,0.2523789405918684,0.41714480874316945,0.08159153005464481,0.439016393442623,0.22142076502732239,0.2844555967376466,3.4941176470588236,1.1294117647058823,2.2415529411764705,1.3767907809189857,5.666666666666666,0.9529411764705883,3,0.5,100.0,5.0,92.6,40.355871886120994,0.5233435204663808,2.42535625036333,2.481177418402525,11.364413201437703,17.716227392548166
668909,"Williams, G",Guardians,2026-06-08,14,14.25479672154717,16.55,14,0.2721352601850739,0.09011401760101134,0.18202124258406255,0.3135342591713433,0.27478714817611377,0.4715957282751176,0.11673027989821881,0.4736459469283897,0.2086946737982725,0.32550874886790215,3.323076923076923,1.0846153846153845,2.5503153846153848,1.6144519055826856,6.190476190476191,1.3499999999999999,9,0.5,100.0,5.0,95.0,2.882562277580071,0.45278889669143324,1.9611613513818404,2.012752252792403,11.678473837972893,16.831119605121444
677952,"Ashcraft, B",Pirates,2026-06-06,12,14.233994458690233,15.65,12,0.25810382646843777,0.04826885587984954,0.20983497058858824,0.29967103397424993,0.2517586079229915,0.3784313725490196,0.04376470588235294,0.5063725490196078,0.21827731092436975,0.25855880142162796,2.7477876106194694,1.0221238938053099,2.557230088495575,1.0756119879314658,6.277777777777778,0.7168141592920354,5,0.5,100.0,5.0,88.0,0.0,0.3877798932805103,2.041241452319315,2.0777487606299543,11.574476045083891,16.893512872296576
594798,deGrom,Rangers,2026-06-07,12,14.188843421599504,15.83,12,0.29880602982199483,0.049047922071564935,0.2497581077504299,0.3041064095749946,0.3139741216824302,0.4424670561065073,0.0927758561232274,0.3631386693411113,0.256268229621928,0.28182940608319884,2.527093596059113,0.9014778325123152,2.275408866995074,1.210534377869605,5.638888888888889,1.463054187192118,5,0.5,100.0,5.0,90.08333333333333,2.882562277580071,0.48274117626278773,2.041241452319315,2.097547546523379,11.503982562049579,16.87370428114943
669373,Skubal,Tigers,2026-04-29,7,14.089408435062587,15.83,7,0.2797808484067196,0.03833873611512196,0.24144211229159762,0.2984426673535952,0.2759084829364922,0.3992594835654903,0.06136100864394648,0.4519908775685928,0.23312233832119336,0.26998171273683225,2.6999999999999997,0.9461538461538461,2.3634615384615385,0.9730060189460001,6.190476190476191,0.41538461538461535,3,0.5,100.0,5.0,89.57142857142857,-60.53380782918149,0.5702440596722198,2.2941573387056176,2.3639661973742974,11.063531702423486,17.11528516770169
666200,Luzardo,Phillies,2026-06-10,13,14.07633353490547,12.61,13,0.25902793841725136,0.06900649496998382,0.19002144344726754,0.30893409057502424,0.28830749518451576,0.3038285281275936,0.06237145022191751,0.4758270542961549,0.21171943213789088,0.28661588873313665,3.92511013215859,1.2687224669603523,2.6760440528634364,1.6121778316671296,5.820512820512821,0.8325991189427312,5,0.5,100.0,5.0,95.6923076923077,-25.94306049822064,0.4145551354930916,2.0,2.04251216896343,11.461917958632279,16.69074911117866
672282,Detmers,Angels,2026-06-10,13,13.745576861376527,12.64,13,0.2891201392806572,0.06200250018401718,0.22711763909664004,0.29162218870255496,0.2566865316684928,0.3705999529091808,0.07752575143812376,0.3833529742352919,0.28481901967159284,0.28322005881012546,3.9568965517241383,0.9956896551724138,2.577577586206896,1.4106254123857094,5.948717948717948,0.8146551724137931,2,0.5,100.0,5.0,94.76923076923077,-37.47330960854092,0.5369370832648181,2.773500981126146,2.824997190032695,10.129580458134678,17.36157326461838
693645,Schlittler,Yankees,2026-06-07,14,13.5447323545631,16.96,14,0.27851877184982515,0.0646817248459959,0.21383704700382927,0.2744153594751241,0.2417713618972675,0.41411028400739647,0.07266132473566925,0.4359312515953374,0.25982727814175105,0.2807212126672055,1.8658536585365855,0.8658536585365854,2.5103658536585365,1.0404642697210638,5.857142857142857,0.43902439024390244,7,0.5,100.0,5.0,89.21428571428571,2.882562277580071,0.44194568537954126,1.9611613513818404,2.0103407260908384,10.971496225166828,16.117968483959373
554430,Wheeler,Phillies,2026-06-09,9,13.195334865675946,16.35,9,0.2649036580594679,0.05484064178887759,0.21006301627059032,0.26073851268452924,0.2350959620584194,0.36391941391941396,0.07985347985347985,0.435978835978836,0.23978835978835977,0.2661634755987239,2.223529411764706,0.8470588235294118,2.7980352941176467,1.7096625284066984,6.296296296296296,1.111764705882353,5,0.5,100.0,5.0,94.44444444444444,-25.94306049822064,0.45377532931647957,2.182178902359924,2.228859980214334,10.342394091001598,16.048275640350294
608331,Fried,Yankees,2026-05-08,9,13.11665932756958,12.63,9,0.21412803532008826,0.0705072520992919,0.14362078322079636,0.2808756457177419,0.2328783505378799,0.3273516696481813,0.031194096601073345,0.5033222591362125,0.24392547716761123,0.26832641920465,2.9147727272727275,0.9545454545454546,3.496147727272727,2.3005111474435194,6.518518518518518,0.1534090909090909,4,0.5,100.0,5.0,95.11111111111111,2.882562277580071,0.6103545258799424,2.182178902359924,2.265929700843981,10.216269310489285,16.017049344649877
677960,Weathers,Yankees,2026-06-05,11,12.99684401739638,12.01,11,0.26449794266748505,0.06544323155618836,0.1990547111112967,0.3029105044654164,0.2552307202859212,0.42202291978076734,0.1066268061783757,0.4475186649099693,0.2700922266139657,0.3074359139731916,3.663316582914573,1.085427135678392,2.7344422110552764,1.5008521534292822,6.03030303030303,1.7638190954773871,2,0.5,100.0,5.0,93.54545454545455,2.882562277580071,0.4775902370951531,2.0851441405707476,2.139139668540866,10.258745241664073,15.734942793128688
801139,Tolle,Red Sox,2026-06-09,9,12.977661926959495,13.04,9,0.24242694350999677,0.06640619531820215,0.17602074819179464,0.2685892283499869,0.22656113779631687,0.34597077348875055,0.056855642452615617,0.39657078802013507,0.23441626752259667,0.27934949875821413,3.0374999999999996,1.0687499999999999,2.8516624999999998,2.125225700269701,5.9259259259259265,0.50625,3,0.5,100.0,5.0,86.88888888888889,40.355871886120994,0.4979394044466921,3.3333333333333335,3.370319682405786,8.663652733480088,17.291671120438902
686218,Sheehan,Dodgers,2026-06-01,10,12.973404813910863,10.87,10,0.2581913499344692,0.06608298793834116,0.19210836199612802,0.2878579427962636,0.2875553861546524,0.37840572378405724,0.09955192599551926,0.38626352881953185,0.2321293732695696,0.28811679944654206,4.115853658536586,1.0975609756097562,2.703829268292683,1.7711718749999994,5.466666666666667,1.6463414634146343,3,0.5,100.0,5.0,88.8,49.00355871886121,0.5027047567843569,2.1320071635561044,2.1904717797653013,10.169600935811276,15.777208692010449
663436,Martin,White Sox,2026-06-10,13,12.968281736027397,17.39,13,0.23141539793700316,0.0606057374805842,0.17080966045641896,0.2814282862625404,0.2430289775833789,0.46654676258992805,0.06890795056262682,0.4587116513685603,0.19374018026957746,0.32184027518815095,2.4127659574468088,1.097872340425532,2.498612765957447,1.6316887452567421,6.0256410256410255,0.3446808510638298,9,0.5,100.0,5.0,92.15384615384616,17.295373665480426,0.5176287439480978,2.0,2.0658992029044607,10.323930756309686,15.612632715745107
656876,Rasmussen,Rays,2026-06-10,12,12.87753530855686,16.07,12,0.2633702872429663,0.04667681380010147,0.21669347344286483,0.27224553883821156,0.2169883752365504,0.3436114811674943,0.06175366355819305,0.5175273194771801,0.19505035354617528,0.27525149412668637,2.3365384615384617,0.8653846153846154,2.233596153846154,0.6477911004678093,5.777777777777778,0.7788461538461539,6,0.5,100.0,5.0,87.58333333333333,-34.59074733096085,0.527202857371345,2.041241452319315,2.1082242573993826,10.17900825908565,15.57606235802807
543135,Eovaldi,Rangers,2026-06-09,13,12.787916268712463,11.24,13,0.23400107041822768,0.05293462923849505,0.18106644117973264,0.2913897360858911,0.2704709952416374,0.4079311937196952,0.09310782729161857,0.5126344366711914,0.23681737496084368,0.31113098153687013,4.257261410788382,1.1825726141078838,3.0392199170124483,1.557490823412698,6.179487179487179,1.6804979253112033,5,0.5,100.0,5.0,91.61538461538461,2.882562277580071,0.47170823810500223,2.0,2.05487436645069,10.15767707965558,15.418155457769346
684007,Imanaga,Cubs,2026-06-10,14,12.704387264223037,10.12,14,0.24015141824315042,0.05818442177360392,0.1819669964695465,0.2792858166288437,0.2773549769860511,0.40189934812975325,0.10812121682446064,0.36654493351272954,0.2888395743416799,0.3011815860981902,4.444444444444445,1.0617283950617284,3.054074074074074,2.0405893700169058,5.785714285714286,1.8888888888888888,4,0.5,100.0,5.0,90.21428571428571,69.1814946619217,0.633321444203593,1.9611613513818404,2.060885707127392,10.066453559099974,15.3423209693461
676974,Meyer,Marlins,2026-06-09,14,12.655447578842189,13.38,14,0.2653912345718117,0.08314746702801883,0.18224376754379285,0.29520839598020543,0.27613287855771157,0.4488809445885048,0.08876916492535435,0.478202156152236,0.23796448425648759,0.3164844329018077,2.848101265822785,1.0886075949367089,3.015518987341772,1.9915827334681628,5.642857142857143,0.7974683544303798,6,0.5,100.0,5.0,90.35714285714286,-5.765124555160142,0.34286328246518427,1.9611613513818404,1.9909065966580772,10.10708713511985,15.203808022564528
647336,Soroka,D-backs,2026-06-07,12,12.64291080300505,16.19,12,0.24709737827715356,0.058991228070175435,0.18810615020697813,0.26899834811290313,0.19879861555697823,0.34822465571594496,0.07852165256346441,0.40927240461401954,0.2318840579710145,0.29659575881606537,2.408450704225352,1.028169014084507,2.7526197183098593,1.89681536994474,5.916666666666667,0.6338028169014085,8,0.5,100.0,5.0,92.41666666666667,34.59074733096085,0.39665749228650615,2.041241452319315,2.0794239185057206,9.981248187317727,15.304573418692373
676962,"Brown, Be",Cubs,2026-06-06,6,12.607800521224677,12.64,6,0.2729018912529551,0.06548996913580246,0.20741192211715265,0.30235033940810735,0.25853051058530513,0.48755475906013535,0.09650869507500333,0.4344770455881567,0.2105445994334883,0.3071074554612969,1.4361702127659575,0.7659574468085106,2.372191489361702,1.3997510772766435,5.222222222222222,0.0,1,0.5,100.0,5.0,74.16666666666667,69.1814946619217,0.8928270513914561,2.3570226039551585,2.520455454724784,9.381617539176954,15.8339835032724
690997,McLean,Mets,2026-06-06,12,12.593779535211581,12.4,12,0.27094402673350043,0.08648473034437947,0.18445929638912095,0.29180577585858264,0.21867958083034517,0.36714702425007617,0.05790413165570987,0.5197052841628612,0.19712959054453355,0.2821217949155958,3.260869565217391,1.0579710144927537,2.891101449275362,1.8616362755102034,5.75,0.782608695652174,3,0.5,100.0,5.0,94.0,-23.060498220640568,0.4477205447116982,2.041241452319315,2.089765621504863,9.918879539685356,15.268679530737806
667755,"Soriano, J",Angels,2026-06-07,14,12.559849833361527,13.89,14,0.24372649722722153,0.10783063535357114,0.13589586187365038,0.28768172377985457,0.2861354001059883,0.3948058950395399,0.08835370237239397,0.5679342571704802,0.19365130518852725,0.315313311905228,2.9634146341463414,1.2439024390243902,3.3607073170731705,2.339628385519883,5.857142857142857,0.9878048780487805,7,0.5,100.0,5.0,96.78571428571429,-37.47330960854092,0.4844294344966619,1.9611613513818404,2.0201053742715014,9.974114954294006,15.145584712429049
800048,Messick,Guardians,2026-06-10,14,12.522565819555238,13.12,14,0.24496062992125986,0.05803149606299213,0.18692913385826773,0.2732461905105799,0.24652847152847154,0.3241272836435372,0.05605111930697315,0.44674465137755887,0.22768200708019087,0.2706714636198592,2.677685950413223,1.0909090909090908,3.0445702479338843,2.0992195775941234,5.761904761904762,0.8925619834710743,6,0.5,100.0,5.0,91.07142857142857,2.882562277580071,0.2614984225993281,1.9611613513818404,1.9785184535848492,9.990062198966632,15.055069440143845
675911,Strider,Braves,2026-06-06,6,12.515834318754427,14.53,6,0.26466566454928964,0.09909070169149041,0.1655749628577992,0.2842712223876989,0.2767772049904696,0.37692192492012777,0.1036841054313099,0.35881829579002716,0.2877825858373438,0.3056751250860961,3.5816326530612246,1.1326530612244898,3.287428571428572,2.701837421124828,5.444444444444444,1.3775510204081634,4,0.5,100.0,5.0,89.33333333333333,37.47330960854092,0.3982996113296687,2.3570226039551585,2.3904389002735296,9.45607252640431,15.575596111104545
694738,Roupp,Giants,2026-06-06,13,12.45030668345618,11.49,13,0.2504545298617543,0.09424846832744056,0.15620606153431377,0.28704845971933357,0.23959574325681016,0.3182323954856144,0.042441583214115404,0.5110547810167582,0.19349387410223912,0.29440770844381653,4.0047846889952154,1.2918660287081338,2.9699904306220097,1.9990589478864886,5.3589743589743595,0.5167464114832535,5,0.5,100.0,5.0,95.15384615384616,-8.647686832740213,0.41284051526658805,2.0,2.0421648540325,9.83633567029458,15.06427769661778
669372,Ginn,Athletics,2026-06-09,10,12.42961560190693,13.32,10,0.2373991935483871,0.08523246951219512,0.15216672403619197,0.2783132247128552,0.26725280625513853,0.41403847313513836,0.0741723451727673,0.5369249394673123,0.16914938414569955,0.30512586667178393,2.9147727272727275,1.090909090909091,3.044852272727273,2.069945937499999,5.866666666666666,1.0738636363636365,4,0.5,100.0,5.0,88.7,0.0,0.38450815655146037,2.1320071635561044,2.1664027944750135,9.656620024978913,15.202611178834946
693433,Woo,Mariners,2026-06-05,12,12.392990309596854,14.46,12,0.25742551210428305,0.048500121447656065,0.208925390656627,0.25979665644991545,0.22324521634000605,0.41917079373577837,0.05789050997189131,0.41314666109436105,0.25091793784889105,0.2586306944530678,3.0405405405405403,0.918918918918919,2.7647837837837836,1.6003553864447082,6.166666666666667,0.36486486486486486,5,0.5,100.0,5.0,89.66666666666667,-51.88612099644128,0.5692241742993379,2.041241452319315,2.1191231269733786,9.68051270707093,15.105467912122778
686790,McDonald,Giants,2026-06-07,6,12.151076275514866,12.06,6,0.22282813205215174,0.07138112449101959,0.15144700756113216,0.2956318205334865,0.24120640530191573,0.41504316560702775,0.053488401019609444,0.5676332300026403,0.16314837859559805,0.30587257980509674,2.80188679245283,1.1886792452830188,2.640188679245283,1.0853851807888963,5.888888888888889,0.7641509433962264,2,0.5,100.0,5.0,88.66666666666667,-8.647686832740213,0.4514336247598529,4.08248290463863,4.107366429262245,6.893647246059192,17.40850530497054
657746,Ryan,Twins,2026-06-06,13,12.09254744411561,13.96,13,0.2744340625347019,0.05085254638027447,0.2235815161544274,0.2842654766718179,0.2217083747532812,0.4259931055642789,0.1104192611041926,0.3795601594139762,0.2782483824644626,0.28196420843352216,3.0789473684210527,0.9868421052631579,2.6580263157894737,1.5275075428334914,5.846153846153846,0.8289473684210527,4,0.5,100.0,5.0,94.15384615384616,-20.177935943060497,0.45609420734182954,2.0,2.051346369088061,9.466824091682891,14.718270796548328
693821,Elder,Braves,2026-06-07,13,12.050681333858666,13.72,13,0.21261985406871914,0.0715178055693618,0.14110204849935734,0.2588557589232541,0.2074752479376757,0.38857649697091406,0.04390501054322723,0.4941206659723166,0.22512792645926732,0.2841337128252539,2.2131147540983607,0.9713114754098361,3.303549180327869,2.0469099962618245,6.256410256410256,0.7745901639344263,5,0.5,100.0,5.0,89.61538461538461,37.47330960854092,0.45757321477251306,2.0,2.0516757167928006,9.424536416363882,14.67682625135345
592332,Gausman,Blue Jays,2026-06-07,14,11.964420348075503,11.43,14,0.24184858662188635,0.048122065727699524,0.19372652089418682,0.2708865458004199,0.24086417977897376,0.3846938775510204,0.08243440233236152,0.41836734693877553,0.24858459512837394,0.2956410510008662,3.6,1.0875,2.7638000000000003,1.5290274761757794,5.714285714285714,1.0125,4,0.5,100.0,5.0,92.5,2.882562277580071,0.29096034112616703,1.9611613513818404,1.9826274905443286,9.426657160178763,14.502183535972243
666142,Ragans,Royals,2026-05-01,6,11.951210355516384,10.15,6,0.319214048041192,0.09823731375158117,0.22097673428961084,0.29327771538584946,0.2908761524239679,0.4028417818740399,0.1313364055299539,0.3865182436611008,0.2680890538033395,0.285921883440002,4.5473684210526315,1.3894736842105262,3.685747368421053,3.1824008074116237,5.277777777777778,2.8421052631578947,1,0.5,100.0,5.0,93.83333333333333,14.412811387900355,0.8387470012784389,2.3570226039551585,2.501809762493769,8.74889385952436,15.153526851508408
607074,Rodón,Yankees,2026-06-10,5,11.800141110874518,12.37,5,0.25162226775956287,0.11285335689045936,0.1387689108691035,0.2699120513472889,0.26181186844056026,0.3634597725506816,0.04799745708836618,0.4627536965199303,0.23247315455107664,0.2827077003250693,2.9634146341463414,1.1341463414634148,3.6891463414634145,3.0159548124363686,5.466666666666667,0.6585365853658537,2,0.5,100.0,5.0,91.6,2.882562277580071,0.47350699047080386,2.42535625036333,2.471145849843993,8.637074423074207,14.96320779867483
669302,"Gilbert, L",Mariners,2026-06-09,14,11.741443387940889,11.24,14,0.2676430588973742,0.05967109107604975,0.20797196782132446,0.29011759717909175,0.2733125890670961,0.45033976694313105,0.11077952613492494,0.36761632766787405,0.24719048945853067,0.2981034526510524,3.615062761506276,1.0794979079497908,2.798175732217573,2.0782199952662714,5.690476190476191,1.4686192468619246,4,0.5,100.0,5.0,93.21428571428571,-51.88612099644128,0.5144886912543565,1.9611613513818404,2.0275237260220824,9.146213018632622,14.336673757249155
650633,"King, M",Padres,2026-06-10,13,11.663525394390117,10.56,13,0.22708392928657245,0.07934965257277805,0.1477342767137944,0.2789489165604471,0.23678473533964867,0.3442821423871562,0.10472430582971443,0.43369833980925465,0.24189332391381138,0.3126200992516535,3.155844155844156,1.0909090909090908,3.420935064935065,2.585035535399344,5.923076923076923,1.051948051948052,4,0.5,100.0,5.0,92.84615384615384,14.412811387900355,0.3248355391509337,2.0,2.0262078194241275,9.069979385527233,14.257071403253
624133,Suarez,Red Sox,2026-06-07,12,11.65573620254974,9.56,12,0.2326494607745497,0.06569300295175384,0.16695645782279586,0.2717765508738004,0.21723788112671544,0.3247842220718781,0.064702626237776,0.41118784780756606,0.20209545561658238,0.28820418887935406,3.1846153846153844,1.1384615384615384,2.8572615384615383,2.3587276571633886,5.416666666666667,0.5538461538461539,2,0.5,100.0,5.0,83.91666666666667,40.355871886120994,0.5739117193985439,2.041241452319315,2.1203870704023973,8.94164075243467,14.369831652664809
801403,Dollander,Rockies,2026-05-08,7,11.600151788370425,12.28,7,0.24765969162995594,0.09785932721712538,0.14980036441283057,0.2702108741352747,0.24619643534319305,0.45625692137320045,0.08875177978168011,0.5160951254762843,0.20391538562606754,0.3066753806529936,2.6052631578947367,1.131578947368421,2.759578947368421,1.4937240050306293,5.428571428571429,0.47368421052631576,2,0.5,100.0,5.0,90.14285714285714,0.0,0.4270869978503215,2.2941573387056176,2.333572625497146,8.613178827734078,14.587124749006772
656427,Flaherty,Tigers,2026-06-07,8,11.596590523634415,10.52,8,0.2812019783313317,0.08291950358857185,0.19828247474275984,0.2873296663511282,0.26357647727148587,0.44447626320478556,0.07881506936489754,0.3559385738831615,0.2542955326460481,0.2969997440380547,3.375,1.1953125,2.81075,2.1519437283480536,5.333333333333333,0.421875,1,0.5,100.0,5.0,92.125,-60.53380782918149,0.5939377783083478,2.23606797749979,2.3136037008316395,8.635177786569916,14.558003260698914
702056,Yesavage,Blue Jays,2026-06-05,8,11.577347352393394,10.15,8,0.24022795478777856,0.08821608502340296,0.15201186976437558,0.2708297634871332,0.26010320254101604,0.3423043302505667,0.05607725377925911,0.3917392324892592,0.23301804968262677,0.28940889747118065,3.1640625,1.171875,3.312265625,2.893249084711526,5.333333333333333,0.421875,2,0.5,100.0,5.0,88.375,2.882562277580071,0.4663829390671469,3.5355339059327373,3.566162229323409,7.01265969885943,16.142035005927358
663554,Mize,Tigers,2026-05-27,8,11.540905915080817,13.6,8,0.24607872151524124,0.056706738373932294,0.18937198314130893,0.28873126039715125,0.24969775021026072,0.3651720283194634,0.07458700782511489,0.36624237323795494,0.2554176309699137,0.2712933226833152,1.9852941176470587,0.926470588235294,2.786,2.113688360055547,5.666666666666667,0.39705882352941174,2,0.5,100.0,5.0,82.875,-60.53380782918149,0.6018253460917213,2.23606797749979,2.315641109325541,8.576885295144125,14.504926535017509
642547,"Peralta, F",Mets,2026-06-09,14,11.479887913141955,9.96,14,0.24323640329928067,0.09484449986557832,0.14839190343370234,0.268265155029646,0.2573333822272495,0.39186851211072665,0.06379757785467127,0.42816517335410986,0.22356836774444877,0.29831272894987343,3.8076923076923075,1.3076923076923077,3.269461538461538,2.4042521081349193,5.571428571428571,1.1538461538461537,4,0.5,100.0,5.0,95.71428571428571,-23.060498220640568,0.2861300151146852,1.9611613513818404,1.9819243758790033,8.94302471201683,14.016751114267079
665795,"Cabrera, E",Cubs,2026-05-15,9,11.424928590583924,9.31,9,0.2160688394376852,0.07882623165986968,0.13724260777781552,0.2746218973876547,0.25893646583301755,0.41172204922578165,0.11777502879324318,0.4507459371413764,0.21705598538975063,0.3215265862150494,4.0588235294117645,1.3137254901960784,3.336470588235294,2.6822289462809903,5.666666666666667,1.411764705882353,3,0.5,100.0,5.0,90.33333333333333,69.1814946619217,0.5946580388556129,2.182178902359924,2.2617521847188224,8.529885794143832,14.319971387024017
700712,Ureña,Angels,2026-06-09,9,11.422131672232139,13.89,9,0.23759613328756912,0.09760424890463891,0.1399918843829302,0.2813632063847174,0.25899744472001784,0.3507100478080905,0.06132743455563033,0.4905707449061057,0.21173274706738682,0.28995537237922847,1.98,1.12,3.407,2.439708219436327,5.555555555555555,0.54,4,0.5,100.0,5.0,91.55555555555556,-37.47330960854092,0.43254725474407,3.3333333333333335,3.361280743808488,7.119692320157274,15.724571024307004
669022,Gore,Rangers,2026-06-10,12,11.406407943962497,11.05,12,0.256271916712932,0.09386890301396607,0.16240301369896593,0.27015490715447754,0.24368407963837976,0.46322475881172986,0.09357388480275099,0.38728299253557763,0.23426233321350787,0.31828109745642785,3.7989949748743723,1.2663316582914574,3.1212763819095475,2.5582502715728745,5.527777777777778,0.814070351758794,4,0.5,100.0,5.0,93.91666666666667,2.882562277580071,0.3989890572009954,2.041241452319315,2.079869932094987,8.744174430880914,14.06864145704408
701542,"Warren, W",Yankees,2026-06-08,12,11.38159395267192,13.77,12,0.25039353943311693,0.07763650394132368,0.17275703549179325,0.2847975634417006,0.2172638089144807,0.4057595125616245,0.07740760181554328,0.4525717828778802,0.22227389191308553,0.3056203217987235,3.4615384615384617,1.2,2.9076,1.8122497551288754,5.416666666666667,0.9692307692307692,7,0.5,100.0,5.0,88.16666666666667,2.882562277580071,0.24896828667993953,2.041241452319315,2.0563686134637953,8.749442127438263,14.013745777905578
682243,"Miller, B",Mariners,2026-06-06,5,11.371941745051924,14.65,5,0.2459194943854697,0.07115280148998913,0.17476669289548058,0.24937249320740068,0.22165359210922422,0.3540419904116383,0.06576293602248305,0.4334600760456274,0.2155237970368428,0.3058531589311737,1.3333333333333333,0.7777777777777778,2.286,1.0785875624759704,5.4,0.6666666666666666,2,0.5,100.0,5.0,81.0,-51.88612099644128,0.7178690481497768,2.42535625036333,2.5293653179143454,8.134354138121562,14.609529351982285
663460,Bubic,Royals,2026-05-14,9,11.3611335380372,10.18,9,0.2420494699646643,0.10127313477668154,0.14077633518798277,0.27324365635347503,0.24223687201636737,0.4004208656704892,0.07645082821730569,0.45198916204070844,0.22437549563838224,0.3042387108842138,4.112582781456953,1.2317880794701985,3.6079602649006626,2.8696835724834133,5.592592592592593,0.7152317880794702,3,0.5,100.0,5.0,90.22222222222223,14.412811387900355,0.44994025679162414,2.182178902359924,2.2280823585735057,8.509188119063111,14.213078957011287
657277,"Webb, L",Giants,2026-06-08,11,11.34434846057808,10.03,11,0.2148363000635728,0.06219959981021928,0.15263670025335352,0.27651597279768253,0.20213690175179266,0.45486725663716815,0.06631750045150804,0.5840064360418342,0.14452131938857601,0.30764767652149955,3.8762376237623766,1.1881188118811883,2.878881188118812,1.5545199939640861,6.121212121212121,0.5346534653465347,3,0.5,100.0,5.0,91.9090909090909,-8.647686832740213,0.47943439583154907,2.0851441405707476,2.1395521556771837,8.605721701311285,14.082975219844876
683004,Leiter,Rangers,2026-06-06,12,11.332649571062142,9.45,12,0.24365185095474548,0.09438445265384736,0.14926739830089814,0.2786672242201221,0.24111088790678986,0.40646693459992694,0.10209627329192547,0.3932511356262168,0.23880597014925373,0.3241221809490752,4.2772277227722775,1.2920792079207921,3.2067722772277225,2.4707753618850345,5.611111111111111,1.2029702970297032,3,0.5,100.0,5.0,93.75,2.882562277580071,0.28822352136485735,2.041241452319315,2.0614896228054667,8.693942853871144,13.971356288253139
808963,Sasaki,Dodgers,2026-06-05,11,11.020802187045408,9.55,11,0.23841177535447658,0.07841534193799575,0.15999643341648084,0.27989074248969975,0.2601417379799831,0.4380397559708062,0.09912930498057913,0.452442800582863,0.25327971531127164,0.3169040824321952,4.0344827586206895,1.2586206896551724,3.2680689655172417,2.1189030307003875,5.2727272727272725,1.5517241379310345,3,0.5,100.0,5.0,90.36363636363636,49.00355871886121,0.4289494575008609,3.015113445777636,3.0454731533867396,7.122596550710382,14.919007823380435
691587,"Pérez, Eu",Marlins,2026-05-27,12,10.98643748609762,9.8,12,0.2677043746854773,0.09251006998808997,0.17519430469738734,0.2663944383187875,0.2676578637277327,0.4348494554772582,0.13350416399743756,0.34811285500747385,0.25816517189835575,0.31447522402253586,4.595744680851064,1.2606382978723405,3.137223404255319,2.607125068383621,5.222222222222222,1.5797872340425532,3,0.5,100.0,5.0,88.66666666666667,-5.765124555160142,0.41521370220215414,2.041241452319315,2.08304322690699,8.320142155656672,13.652732816538567
605400,"Nola, A",Phillies,2026-06-07,12,10.944595010577645,8.34,12,0.24022581732389617,0.07164773469121295,0.1685780826326832,0.29837405180930693,0.2496491417467343,0.38951014721939836,0.0900259798938213,0.41134361233480177,0.19708650380456547,0.3141893292379848,5.342245989304812,1.3957219251336899,2.7489090909090907,2.1581651393254826,5.194444444444445,1.299465240641711,3,0.5,100.0,5.0,90.41666666666667,-25.94306049822064,0.4835691338328495,2.041241452319315,2.0977382519901093,8.259490048030305,13.629699973124985
608379,Wacha,Royals,2026-06-05,13,10.920709432894123,10.63,13,0.1957856259743052,0.07200563307419276,0.12377999290011245,0.2573313409707233,0.20131987221117956,0.3737635553562922,0.07024967074845183,0.39456161227434994,0.23844848975871583,0.3191704902167503,3.4444444444444446,1.1358024691358024,3.4713086419753085,2.8003843706838936,6.230769230769231,1.0,4,0.5,100.0,5.0,90.38461538461539,14.412811387900355,0.42418819947132264,2.0,2.0444890874178623,8.303763400999259,13.537655464788987
669160,May,Cardinals,2026-06-09,12,10.821072777352613,11.19,12,0.21407407407407406,0.0736231884057971,0.14045088566827696,0.2778990047428669,0.20198955527075213,0.46690331770976934,0.06330989798731734,0.4740412797966755,0.2147102830556068,0.3191337241836521,3.5048076923076925,1.1826923076923077,3.0375096153846153,1.9944367181926268,5.777777777777778,0.3894230769230769,4,0.5,100.0,5.0,89.25,14.412811387900355,0.41963557407715585,2.041241452319315,2.08392914507613,8.153643471655167,13.48850208305006
805673,Matthews,Twins,2026-06-05,5,10.769043624156033,11.12,5,0.226698206468013,0.06483552325039604,0.16186268321761696,0.2767168106973932,0.22879464285714285,0.384778653729533,0.1095360824742268,0.3911315364550988,0.280834678921873,0.3090607933692886,4.153846153846154,1.087912087912088,3.5317802197802197,2.4854552549427673,6.066666666666666,1.4835164835164836,2,0.5,100.0,5.0,94.2,-20.177935943060497,0.4904255183769738,2.42535625036333,2.4744433980699165,7.60175607462654,13.936331173685527
676917,Cavalli,Nationals,2026-06-07,12,10.680972953934496,11.31,12,0.22880244755244752,0.06890012642225031,0.1599023211301972,0.2934972099811476,0.2321496212121212,0.3979670118910625,0.06648766142437029,0.4998297582567246,0.21700147542844173,0.3104393084522472,3.34020618556701,1.360824742268041,2.931175257731959,1.759002854484181,5.388888888888889,0.6958762886597938,3,0.5,100.0,5.0,88.91666666666667,-34.59074733096085,0.42387871462662885,2.041241452319315,2.0847877185411923,8.01244467420177,13.349501233667223
669923,Kirby,Mariners,2026-06-10,14,10.640016210391497,10.96,14,0.21291423001949317,0.057637514839730904,0.15527671517976227,0.26350299195267896,0.20980396091257497,0.41916325028907814,0.06769683590875643,0.5274431057563588,0.21165614840313635,0.2995526140533046,4.071428571428571,1.3095238095238095,3.0959761904761907,1.7383676322456576,6.0,0.8571428571428571,5,0.5,100.0,5.0,92.85714285714286,-51.88612099644128,0.43964790895081374,1.9611613513818404,2.009836841636323,8.067425053097004,13.21260736768599
681293,Arrighetti,Astros,2026-06-08,10,10.608121426899757,14.78,10,0.2088623350759273,0.12603777640452457,0.08282455867140273,0.2770024758517279,0.2201066077602766,0.3548387096774193,0.06954125466039877,0.41287505282434145,0.27046062825750106,0.3618498692903919,2.210526315789474,1.1929824561403508,3.988421052631579,3.3266626109486874,5.7,0.47368421052631576,7,0.5,100.0,5.0,93.5,0.0,0.4981677106769378,2.1320071635561044,2.1894349986733213,7.805644628597905,13.410598225201609
671737,"Bradley, T",Twins,2026-06-09,12,10.605692306767649,12.06,12,0.24576229305658515,0.09651050703682282,0.14925178601976233,0.26736175262862666,0.23788299886729142,0.45663706608234345,0.09760119940029985,0.3963272801469088,0.21086512956539483,0.3223845835472442,4.015384615384615,1.3846153846153846,3.1055076923076923,2.671680492459217,5.416666666666667,1.2461538461538462,5,0.5,100.0,5.0,96.41666666666667,-20.177935943060497,0.4309709328848071,2.041241452319315,2.086241264010054,7.93530348883478,13.276081124700518
702070,Cameron,Royals,2026-06-07,12,10.57496840372423,9.74,12,0.22217213766770957,0.06539268523470605,0.1567794524330035,0.26446157597225384,0.2202968774034764,0.40311219262295084,0.0860442281420765,0.4028284671532847,0.22612530413625304,0.31051914548930903,3.8375634517766493,1.2030456852791878,3.0023654822335026,2.1697507745221594,5.472222222222222,0.8223350253807106,3,0.5,100.0,5.0,88.58333333333333,14.412811387900355,0.2996670463311013,2.041241452319315,2.0631206957721773,7.934173913135842,13.215762894312617
681035,Scott,Mets,2026-06-05,7,10.509357027313586,11.45,7,0.2572987629044865,0.07816201768400073,0.17913674522048578,0.2637966285054179,0.21180378771788677,0.348391284243454,0.0497574341791525,0.40259594639331353,0.24875983071015656,0.3106661739478808,2.3365384615384617,1.2115384615384617,2.975057692307692,2.2488446237568014,4.952380952380952,0.25961538461538464,2,0.5,100.0,5.0,87.85714285714286,-23.060498220640568,0.525117986400992,3.779644730092272,3.8159485302289022,5.624942908620591,15.39377114600658
663567,"Lambert, P",Astros,2026-06-10,10,10.495281589923037,11.57,10,0.22121462189473895,0.08951023801986398,0.131704383874875,0.2536981515072448,0.21797644888475956,0.4049824684943695,0.07240914248010775,0.44931658873080504,0.24169665843227314,0.3088233300254019,3.473684210526316,1.2105263157894737,3.61880701754386,2.7189457986111107,5.7,0.7894736842105263,5,0.5,100.0,5.0,94.9,0.0,0.26121852006731955,3.162277660168379,3.173048237141402,6.433779846382042,14.556783333464033
621121,McCullers Jr.,Astros,2026-05-13,7,10.453678461032062,7.38,7,0.25614514241123687,0.11120211120211121,0.14494303120912566,0.2791970052244025,0.24678304450342048,0.4991496598639456,0.08843537414965986,0.4463276836158192,0.23163841807909605,0.3079321945649989,5.8909090909090915,1.4454545454545455,3.4876727272727273,2.852484888403778,5.238095238095238,1.4727272727272729,2,0.5,100.0,5.0,89.42857142857143,0.0,0.5724554032222454,2.2941573387056176,2.3645005991572905,7.427117694110731,13.480239227953394
680732,"Burke, S",White Sox,2026-06-06,13,10.381331036262333,9.15,13,0.22618967186901787,0.08811703084492885,0.138072641024089,0.2751854631257864,0.2032814215753068,0.3718041817954176,0.07184174283210217,0.3879754601226994,0.2630228667038483,0.31752173926993665,3.8755980861244015,1.1770334928229664,3.3079425837320575,2.45317184492389,5.3589743589743595,0.9043062200956937,3,0.5,100.0,5.0,88.92307692307692,17.295373665480426,0.26920603368498314,2.0,2.0180366420291778,7.798244134464985,12.96441793805968
645261,"Alcantara, S",Marlins,2026-06-07,14,10.332629682232273,9.59,14,0.17272241733698027,0.06154702134142303,0.11117539599555723,0.2580086703283152,0.18677665946909,0.38487201823809614,0.07006715721708401,0.4670620691217873,0.21378923576296244,0.31944332387949453,4.3320895522388065,1.2649253731343284,3.476268656716418,2.5585832076108592,6.3809523809523805,1.0074626865671643,5,0.5,100.0,5.0,95.71428571428571,-5.765124555160142,0.42511691331728363,1.9611613513818404,2.006708308684215,7.764043047116479,12.901216317348068
605540,Woodruff,Brewers,2026-04-24,5,10.32738004430588,9.63,5,0.24296839212093452,0.05643770443056795,0.18653068769036657,0.2806486654252018,0.214584996009577,0.3425425425425425,0.07687687687687689,0.3334971334971335,0.31891891891891894,0.25270526564000884,3.7674418604651163,1.0116279069767442,3.8221162790697676,2.655771342155008,5.733333333333333,1.255813953488372,2,0.5,100.0,5.0,79.6,-5.765124555160142,0.6570683333395374,2.42535625036333,2.512785652588392,7.111014408992737,13.543745679619022
837227,Imai,Astros,2026-06-06,6,10.312725024242924,11.39,6,0.2378826639368454,0.0889973252938141,0.1488853386430313,0.28469183415687527,0.26460227254534935,0.44864366023312585,0.09309596367892342,0.4749285755725949,0.2470912113292181,0.317053472145497,3.7340425531914896,1.148936170212766,3.5127659574468084,2.438491834319526,5.222222222222222,1.4361702127659575,3,0.5,100.0,5.0,91.33333333333333,0.0,0.3602208011146147,4.08248290463863,4.098344262287188,5.066844368515323,15.558605679970526
543243,"Gray, S",Red Sox,2026-06-05,10,10.30956062709684,12.59,10,0.20334734203347343,0.059662799463126734,0.14368454257034668,0.27389832676311116,0.2177443579402481,0.36994998076183144,0.08257449446368262,0.48022852021955864,0.18684888540383104,0.3147365595039851,3.186335403726708,1.2298136645962734,3.2136397515527952,2.4205452269595753,5.366666666666666,1.0062111801242237,7,0.5,100.0,5.0,82.4,40.355871886120994,0.4303707931834956,2.1320071635561044,2.1750111643575387,7.52554633671919,13.09357491747449
579328,Kikuchi,Angels,2026-04-24,5,10.251299133902894,6.18,5,0.24237896433018383,0.08492369134217657,0.15745527298800727,0.25815703006228236,0.22008032128514057,0.423287784679089,0.06926708074534162,0.45131904094035935,0.24218259533827557,0.31134610331719287,5.6103896103896105,1.4805194805194803,2.9482337662337663,1.7982127788279767,5.133333333333334,0.35064935064935066,0,0.5,100.0,5.0,90.0,-37.47330960854092,0.6270855463485447,2.42535625036333,2.505112616952724,7.044754984203407,13.45784328360238
656492,Griffin,Nationals,2026-06-10,14,10.234208506303343,12.21,14,0.2302738632066043,0.06686952472013134,0.16340433848647296,0.2842415247094399,0.2144168297080068,0.3867644018882967,0.11080104944778592,0.4467957164682333,0.2401347046333882,0.31954602388312475,3.4615384615384617,1.0897435897435896,3.092589743589744,1.9314483053429115,5.571428571428571,1.7307692307692308,7,0.5,100.0,5.0,91.0,-34.59074733096085,0.4456044779912335,2.6726124191242437,2.7095055810355846,6.766041362577795,13.702375650028891
680694,Bradish,Orioles,2026-06-06,13,10.179823625137296,8.79,13,0.24118798955613577,0.1059597752144336,0.13522821434170218,0.2776923699328424,0.25004641232711405,0.37689380837080594,0.09892770667589068,0.4682280431432974,0.20203389830508475,0.2999626167032984,3.8942307692307696,1.514423076923077,3.665403846153846,2.679717941389622,5.333333333333333,1.0384615384615385,3,0.5,100.0,5.0,92.61538461538461,-28.82562277580071,0.5034318527749545,2.0,2.062387846741835,7.5399671813077465,12.819680068966845
605280,"Holmes, C",Mets,2026-05-15,9,10.138730700997618,12.24,9,0.203184437712125,0.08608293530910871,0.11710150240301628,0.27245670995670995,0.19582940015446665,0.4365573770491803,0.05639344262295082,0.5688626412788922,0.180663883514917,0.3121716118063551,2.3924050632911396,1.1012658227848102,3.301126582278481,1.9158389274691348,5.851851851851851,0.5126582278481013,4,0.5,100.0,5.0,92.0,-23.060498220640568,0.4205131288285207,2.182178902359924,2.2223267206740585,7.294152498534823,12.983308903460413
680736,Wrobleski,Dodgers,2026-06-04,10,10.100893799844071,13.67,10,0.17404331370899914,0.06119078311311634,0.1128525305958828,0.2504086748038361,0.15983984524371864,0.447,0.07,0.4357142857142857,0.2392857142857143,0.31886877518179074,2.365979381443299,0.9896907216494845,3.677649484536082,2.736187939426717,6.466666666666667,0.556701030927835,7,0.5,100.0,5.0,93.4,49.00355871886121,0.59449038196143,2.1320071635561044,2.2133398653842553,7.267818772152224,12.933968827535917
676440,Bibee,Guardians,2026-06-06,13,10.086566398609214,7.65,13,0.19718180339117333,0.0748431439493583,0.12233865944181503,0.2837362334937071,0.24187224131614296,0.42846675215240887,0.0761311595530317,0.42988316603587295,0.22228073062366302,0.3100059919909088,3.4054054054054053,1.1756756756756757,3.444918918918919,2.7758451314921286,5.6923076923076925,0.972972972972973,1,0.5,100.0,5.0,89.84615384615384,2.882562277580071,0.37895263987116184,2.0,2.035584707956248,7.481017972425217,12.692114824793212
656550,"Holmes, G",Braves,2026-06-03,12,10.080397962725678,9.1,12,0.2196969696969697,0.10304401480872069,0.116652954888249,0.2733338466833722,0.2653572469997463,0.4543547710477912,0.1057472006195747,0.4649932816832957,0.25458132022070384,0.33077080660616087,3.857142857142857,1.3174603174603174,3.7119047619047616,2.6956174848615904,5.25,1.7142857142857142,4,0.5,100.0,5.0,83.25,37.47330960854092,0.43578874688920255,2.041241452319315,2.0872418399845114,7.408728407545503,12.752067517905854
676106,Hancock,Mariners,2026-06-08,13,10.04286093647029,13.42,13,0.22802477274021987,0.06781408273945587,0.160210690000764,0.23451862282259375,0.202757694283118,0.4459808824029663,0.10067353811613429,0.45104905706142745,0.2792432235764963,0.3384442037141786,2.7356828193832596,0.9515418502202643,3.1008810572687224,1.7709365331483982,5.820512820512821,1.1894273127753303,5,0.5,100.0,5.0,91.38461538461539,-51.88612099644128,0.5754423605283073,2.0,2.0811376480882733,7.3790047469173015,12.70671712602328
813349,Early,Red Sox,2026-06-08,13,10.02387271400289,11.17,13,0.22858522374964615,0.0823387182726473,0.14624650547699886,0.27075810045957094,0.2095472325363429,0.4227789008495551,0.10897280708867287,0.4225224366081949,0.26729390393507746,0.3242352471907255,3.295774647887324,1.2253521126760563,3.5254929577464793,2.549494188888888,5.461538461538462,1.5211267605633803,5,0.5,100.0,5.0,90.76923076923077,40.355871886120994,0.3537978335748703,2.773500981126146,2.795975786617253,6.445023707132806,13.602721720872974
663556,McClanahan,Rays,2026-06-06,12,9.968040494474035,11.29,12,0.2360016860359781,0.07860384035611594,0.15739784567986215,0.28503661433321137,0.23821590897221157,0.3916731854922071,0.08880884202301502,0.46929512321181066,0.23473420325109653,0.3081283501927506,2.85,1.1,3.194866666666667,2.010756361953863,5.0,0.45,6,0.5,100.0,5.0,79.5,-34.59074733096085,0.5540737043554614,2.886751345948129,2.939443995586839,6.205552180122881,13.73052880882519
622663,"Severino, L",Athletics,2026-05-21,10,9.931394814658045,9.06,10,0.21335515548281503,0.08913999642410156,0.12421515905871347,0.2496901233421198,0.1822454238374344,0.389184892996968,0.08482725461913593,0.47141396699397786,0.2263773270448356,0.3221371422521448,3.857142857142857,1.3714285714285714,3.495851428571428,2.58016802768166,5.833333333333334,1.2342857142857142,2,0.5,100.0,5.0,97.2,0.0,0.37428439061277713,2.1320071635561044,2.164611593452951,7.160691975038268,12.702097654277821
678906,Teng,Astros,2026-06-09,5,9.8689951225287,9.05,5,0.22844248784268725,0.09822410492249727,0.13021838292019,0.2976444368180561,0.2612772321687842,0.40884817680896646,0.059623132335363774,0.4728679105511643,0.2194548725343593,0.3153223307531275,4.32,1.48,3.7776799999999997,3.039353954081632,5.0,1.08,2,0.5,100.0,5.0,87.2,0.0,0.42972263893508,4.47213595499958,4.492734306234159,4.118295210548976,15.619695034508425
669467,Pallante,Cardinals,2026-06-10,12,9.83976517256314,10.56,12,0.18364558078025126,0.08374164810690424,0.09990393267334702,0.27401435180490924,0.20958112298971754,0.37125707425827476,0.06592351226204768,0.5517799847211612,0.20464476699770814,0.3060433160287586,3.51,1.1849999999999998,3.61943,2.3850469161495864,5.555555555555556,1.0799999999999998,7,0.5,100.0,5.0,91.5,14.412811387900355,0.3638982680725989,2.041241452319315,2.0734243695329,7.185781979561028,12.493748365565253
676282,Cantillo,Guardians,2026-06-07,12,9.774153626942004,8.07,12,0.21618958291284268,0.10477659349839802,0.11141298941444466,0.2952506280655581,0.27530984593215774,0.39788297394429467,0.08546720575022462,0.4378745109691477,0.2661813499727628,0.3098254098334279,4.108695652173913,1.4184782608695652,3.9503260869565215,3.0108267044294053,5.111111111111112,1.467391304347826,4,0.5,100.0,5.0,86.33333333333333,2.882562277580071,0.465586603078488,2.041241452319315,2.0936660554235558,7.094261075999853,12.454046177884155
663568,Kolek,Royals,2026-06-09,7,9.75330844121176,12.32,7,0.17092991042570876,0.05841694537346711,0.11251296505224165,0.2539417191924728,0.1781294792164357,0.4071132596685083,0.06612569060773481,0.5023696682464455,0.20734597156398105,0.3076503528817098,3.13953488372093,1.069767441860465,3.3714418604651164,2.2822223346938766,6.142857142857143,1.0465116279069768,3,0.5,100.0,5.0,91.42857142857143,14.412811387900355,0.39983225506333525,2.2941573387056176,2.3287386557803935,6.7725229618128555,12.734093920610663
695076,Lowder,Reds,2026-04-26,6,9.741163856084597,10.42,6,0.19139873956306172,0.069548710218411,0.12185002934465072,0.27456900588771993,0.2086018298001274,0.3869297252307292,0.07891578378080925,0.4256282593396132,0.24884205187854397,0.314259181228317,3.176470588235294,1.1764705882352942,3.7248235294117644,2.919471682205911,5.666666666666667,0.2647058823529412,3,0.5,100.0,5.0,90.16666666666667,25.94306049822064,0.43886379326317365,4.08248290463863,4.106003908388789,4.4854788533469465,14.996848858822247
656288,Canning,Padres,2026-06-06,6,9.720152723112202,5.38,6,0.22863278974956322,0.09478476821192053,0.1338480215376427,0.26409075953595496,0.24218146718146719,0.5050175829831032,0.10086628355776653,0.5412799218368344,0.22346290739060648,0.3211029664344053,4.935483870967742,1.2580645161290323,3.288774193548387,2.17187138429752,5.166666666666667,1.7419354838709677,0,0.5,100.0,5.0,81.33333333333333,14.412811387900355,0.5220418081395858,2.3570226039551585,2.414142333210949,6.630050536602187,12.810254909622216
687570,Prielipp,Twins,2026-06-07,9,9.676406027054226,7.66,9,0.24933024242227442,0.08272756988341011,0.1666026725388643,0.26755220430230353,0.2068992229332987,0.37309640299905944,0.08774284324060116,0.40519357470234996,0.23520205695008228,0.30848095456109165,5.1526717557251915,1.3282442748091603,3.116,2.4199259259259245,4.851851851851851,0.8244274809160306,2,0.5,100.0,5.0,87.33333333333333,-20.177935943060497,0.4717257781268145,3.3333333333333335,3.366546646173265,5.367226319952446,13.985585734156004
593958,"Rodriguez, Ed",D-backs,2026-06-06,13,9.665780727905327,10.55,13,0.17884454726559992,0.08236986794101023,0.0964746793245897,0.2518919769720248,0.17555322629624914,0.3531079837700047,0.07864609258337481,0.4091113933385227,0.24663034126756525,0.32700699521907794,2.516949152542373,1.1822033898305084,3.8905084745762712,3.1014071747304626,6.051282051282052,0.8008474576271186,5,0.5,100.0,5.0,94.46153846153847,34.59074733096085,0.40549065081636226,2.0,2.0406917130961935,7.0536953351422,12.277866120668454
669358,Baz,Orioles,2026-06-07,13,9.554020631105635,7.87,13,0.2052953440966059,0.08561526639663014,0.11968007769997577,0.25746992006731173,0.19804665678684044,0.41029940956573385,0.09018970757782203,0.4218611847922193,0.2203959833270178,0.31949598273401025,4.090909090909091,1.3766233766233766,3.6504155844155846,3.0053542516003486,5.923076923076923,0.935064935064935,3,0.5,100.0,5.0,96.15384615384616,-28.82562277580071,0.4132123657062275,2.0,2.042240059144012,6.9399533554012995,12.16808790680997
605488,Springs,Athletics,2026-06-08,12,9.443252682207913,7.38,12,0.1952203600248293,0.06765093227975325,0.12756942774507604,0.2751164574781914,0.21066277944392006,0.34570161830404444,0.08961284470554327,0.3804513675388855,0.2737506926889997,0.3169779182480165,4.3463414634146345,1.2146341463414636,3.7249560975609755,2.7520192901234566,5.694444444444444,1.7121951219512197,3,0.5,100.0,5.0,90.66666666666667,0.0,0.38670237303597105,2.041241452319315,2.0775479277211195,6.783991334724879,12.102514029690946
681347,Burrows,Astros,2026-06-07,13,9.30346956133721,4.87,13,0.19431025228126678,0.08053625238300227,0.1137739998982645,0.2678088524612957,0.23180592991913745,0.39148685214736695,0.09394296815375008,0.39572024724671334,0.23926139750870698,0.3229096454737673,5.7681818181818185,1.5681818181818183,3.8414272727272727,3.2632184361773224,5.6410256410256405,2.0863636363636364,3,0.5,100.0,5.0,92.53846153846153,0.0,0.5361500816271276,2.0,2.070617519009432,6.653079137005136,11.953859985669283
592791,Taillon,Cubs,2026-06-02,12,9.277807573842825,6.01,12,0.19639788388314183,0.06486630875539713,0.13153157512774472,0.27874785586397727,0.2310897330662902,0.38569028871391076,0.13279790026246718,0.3405230596175478,0.3311679790026247,0.3358117121820604,5.13,1.26,3.9626900000000003,2.9847241370759763,5.555555555555556,2.6999999999999997,2,0.5,100.0,5.0,91.5,69.1814946619217,0.7623131675754606,2.041241452319315,2.178941952445177,6.488761874712998,12.06685327297265
571927,Matz,Rays,2026-05-20,7,9.27294187755895,11.01,7,0.19989476586264163,0.07027615352366634,0.1296186123389753,0.2737028343129447,0.2214062171794231,0.36345815512557034,0.0880777427272291,0.404461249683351,0.25021495420221523,0.31492244574232464,3.052173913043478,0.9913043478260869,3.608313043478261,2.920168097740185,5.476190476190476,0.7043478260869565,4,0.5,100.0,5.0,84.42857142857143,-34.59074733096085,0.4692080010864877,3.779644730092272,3.8086573006766913,4.397860532692785,14.148023222425113
677958,Rocker,Rangers,2026-06-05,10,9.265795201236262,8.63,10,0.19281224604872546,0.08674888088083095,0.10606336516789451,0.24440734709473166,0.2171425487126896,0.40599730458221023,0.07378706199460916,0.5112160566706021,0.20956316410861867,0.3153885419180763,2.602409638554217,1.2108433734939759,3.7114819277108433,2.703250437473521,5.533333333333333,0.6506024096385542,2,0.5,100.0,5.0,89.8,2.882562277580071,0.30326361526960616,2.1320071635561044,2.1534677536013715,6.509356476626507,12.022233925846017
696149,Chandler,Pirates,2026-06-07,12,9.205835667151671,6.15,12,0.24035898347254311,0.08932714617169374,0.15103183730084938,0.2610988960255767,0.24297908664105847,0.37367639782285994,0.08520534388916377,0.3842813721233174,0.22987407729049064,0.307919213819597,4.702247191011236,1.398876404494382,3.9977640449438203,3.6038014562322918,4.944444444444445,1.0617977528089888,2,0.5,100.0,5.0,87.33333333333333,0.0,0.46197880775429234,2.041241452319315,2.0928667146955977,6.526966272341307,11.884705061962036
687075,Sproat,Brewers,2026-06-10,10,9.142452051779411,5.84,10,0.22033990418087704,0.0825499937191256,0.13778991046175143,0.27538556423863,0.2277897174233962,0.4153608071186962,0.08106675734185977,0.43943324738537376,0.22448790369166566,0.3262767756112076,4.7114093959731544,1.308724832214765,3.3511275167785235,2.7267491047253025,4.966666666666667,1.4496644295302015,1,0.5,100.0,5.0,81.1,-5.765124555160142,0.36958551586252913,3.162277660168379,3.183801729620639,5.067185837864994,13.21771826569383
656605,"Keller, M",Pirates,2026-06-05,13,9.135474639484144,7.67,13,0.181494088501279,0.06698114710991411,0.11451294139136488,0.25458255754555154,0.18886468024967615,0.3985248065823407,0.0685788407220926,0.4550042168424836,0.22087267900841986,0.3242050514474024,4.808219178082192,1.2328767123287672,3.608027397260274,2.7508633969061904,5.615384615384615,0.6164383561643836,5,0.5,100.0,5.0,87.76923076923077,0.0,0.4413293952054488,2.0,2.0481141655367767,6.51388850759707,11.757060771371219
641816,Mahle,Giants,2026-05-26,11,8.98805888371562,4.65,11,0.21305416408697772,0.08551601270096694,0.12753815138601077,0.2682105491579966,0.18931784775733823,0.364210777300906,0.0817040216181847,0.4580411040161904,0.22729334589483233,0.3158464795223597,6.035294117647059,1.535294117647059,3.373364705882353,2.5042669230419836,5.151515151515151,1.7470588235294118,1,0.5,100.0,5.0,87.9090909090909,-8.647686832740213,0.4402340580532025,2.0851441405707476,2.1311105351028865,6.260237398783925,11.715880368647316
656849,"Peterson, D",Mets,2026-05-26,9,8.967675435357432,7.24,9,0.22120800155369974,0.08704375493991041,0.13416424661378934,0.27965617821746036,0.21716902758547235,0.4688940092165899,0.05563556067588325,0.535218253968254,0.15261243386243387,0.3338081719631088,5.2734375,1.7109375,3.121578125,2.1985672384346917,4.7407407407407405,0.2109375,3,0.5,100.0,5.0,79.88888888888889,-23.060498220640568,0.6582096151293655,2.182178902359924,2.279285997709263,6.050189358289575,11.885161512425288
527048,"Pérez, M",Braves,2026-06-05,10,8.937694481245654,8.19,10,0.19434911919469228,0.09255193379496705,0.10179718539972522,0.2729538269838706,0.2018989782147677,0.3911242603550296,0.08579881656804733,0.43658119658119654,0.2516239316239316,0.3199895953149874,2.9612903225806453,1.103225806451613,3.7417032258064515,2.9119911890352443,5.166666666666666,0.6967741935483871,4,0.5,100.0,5.0,80.7,37.47330960854092,0.4076703577110535,2.1320071635561044,2.1706334711348214,6.159283638193083,11.716105324298224
607625,"Lugo, S",Royals,2026-06-04,13,8.899411576090316,8.38,13,0.1942661077801949,0.07618097139055224,0.11808513638964266,0.254537435513619,0.16831549204950938,0.4219397623652943,0.11108040895274938,0.38419913419913415,0.2567848817848818,0.3499936238249429,3.9078947368421053,1.355263157894737,3.634394736842105,2.924297268188497,5.846153846153846,0.8289473684210527,2,0.5,100.0,5.0,93.3076923076923,14.412811387900355,0.4702761990540909,2.0,2.054546106417854,6.269592559875463,11.529230592305169
678394,Bello,Red Sox,2026-06-04,9,8.875091276439266,5.13,9,0.16234390982469288,0.07663034860805944,0.08571356121663344,0.24977363209891373,0.2120702037884909,0.4377920616452726,0.08597341166148506,0.5130943598685535,0.20751458654684463,0.3453672770773373,4.973684210526316,1.4013157894736843,3.794394736842105,2.6383182046693068,5.62962962962963,0.8881578947368421,2,0.5,100.0,5.0,90.55555555555556,40.355871886120994,0.5263672184456087,2.182178902359924,2.244764399788746,6.001792844709671,11.74838970816886
607259,"Martinez, N",Rays,2026-06-09,12,8.806348584387585,11.7,12,0.1493783149291366,0.04682327694450152,0.10255503798463508,0.2624655959799166,0.1716707129652315,0.31297749152077836,0.06389393264585974,0.40718209752009676,0.24265185139203574,0.3142202118741579,1.832579185520362,1.085972850678733,3.669031674208145,2.812054072250858,6.138888888888889,0.48868778280542985,6,0.5,100.0,5.0,83.41666666666667,-34.59074733096085,0.5239483137065701,2.041241452319315,2.10741275076873,6.108860263403611,11.50383690537156
664285,"Valdez, F",Tigers,2026-06-10,13,8.80189541809987,7.97,13,0.1901635038413553,0.08666597055445337,0.10349753328690194,0.27311632038241124,0.2015407627557754,0.4245275088613979,0.06335374140129174,0.5358811496110718,0.22056520860693,0.31787319189937285,3.736607142857143,1.2589285714285714,3.8208392857142854,2.584868418970768,5.743589743589744,0.7232142857142857,3,0.5,100.0,5.0,91.38461538461539,-60.53380782918149,0.5307436106762138,2.0,2.069224197682219,6.153288445066629,11.45050239113311
669461,Liberatore,Cardinals,2026-06-06,12,8.729805474743412,8.02,12,0.20365105776087478,0.07881308929561841,0.12483796846525637,0.25801200744123115,0.2084097090823084,0.4275945141036098,0.08856725534457575,0.42280415080354433,0.2525521377312085,0.3369768413442502,4.0,1.4444444444444444,3.6579682539682543,2.804771403061223,5.25,1.1428571428571428,3,0.5,100.0,5.0,87.16666666666667,14.412811387900355,0.2962216622872924,2.041241452319315,2.0626230726613413,6.089647941736894,11.369963007749929
687064,Young,Orioles,2026-06-10,9,8.693229685559471,11.57,9,0.18320151850680164,0.07701717243001646,0.10618434607678517,0.2523737068201678,0.19688073216417404,0.43661971830985913,0.08137715179968702,0.4274348422496571,0.2518518518518519,0.3131012685824597,2.9050632911392404,1.1772151898734178,3.7936962025316454,2.9030714669421487,5.851851851851851,0.8544303797468354,5,0.5,100.0,5.0,88.33333333333333,-28.82562277580071,0.34541934693490717,2.182178902359924,2.209348158878926,5.865264042194446,11.521195328924495
663623,"Irvin, J",Nationals,2026-05-23,10,8.616744231289086,7.72,10,0.23387306867597846,0.08019041723777101,0.15368265143820745,0.2743889269176838,0.21065633451216975,0.445125376640621,0.11465195853122925,0.4424114782150849,0.262164889649423,0.3439640139799169,4.623287671232877,1.273972602739726,3.1966712328767124,2.0888484190088743,4.866666666666666,1.1095890410958904,2,0.5,100.0,5.0,86.3,-34.59074733096085,0.4658701843175075,2.1320071635561044,2.1823128955515463,5.823383724983107,11.410104737595066
621111,Buehler,Padres,2026-06-08,11,8.567611585249555,8.11,11,0.18928503362465626,0.08027089242405558,0.10901414120060068,0.25199746836647774,0.16564579502308538,0.401985111662531,0.08564884247266381,0.48839326354119256,0.20216563256114797,0.33877494985868156,3.473684210526316,1.1754385964912282,3.167263157894737,2.1760287055998866,5.181818181818182,0.631578947368421,3,0.5,100.0,5.0,82.81818181818181,14.412811387900355,0.41994420006495387,2.0851441405707476,2.127011804886074,5.84503647499538,11.29018669550373
671096,"Abbott, A",Reds,2026-06-08,13,8.48648566571572,8.03,13,0.1778364116094987,0.08819656335313955,0.08963984825635915,0.25746157767437816,0.20031765470888527,0.3984589750746408,0.07269544035929056,0.3982916486500838,0.2535445256138914,0.3229858310804342,3.265116279069767,1.311627906976744,4.078148837209302,3.502772101255747,5.512820512820513,1.1302325581395347,4,0.5,100.0,5.0,93.07692307692308,25.94306049822064,0.3545227384509732,2.0,2.0311785672556653,5.88657709962847,11.086394231802972
592662,Ray,Giants,2026-06-10,14,8.42504094479574,7.45,14,0.21098933400520703,0.10492711923004003,0.106062214775167,0.2413845210459463,0.22986345586205434,0.3854700854700855,0.109155161078238,0.35487768936044795,0.3122015915119363,0.33237793856074777,4.418181818181819,1.390909090909091,4.256081818181818,3.4902576096601208,5.238095238095238,1.7181818181818183,4,0.5,100.0,5.0,95.0,-8.647686832740213,0.4361579674934166,1.9611613513818404,2.009076309840379,5.853423268200054,10.996658621391425
691725,Painter,Phillies,2026-06-06,10,8.348338368349848,4.72,10,0.1945153134708415,0.06742221613167736,0.12709309733916413,0.2637135754427791,0.20948518655901616,0.33064032164244184,0.06063982793850797,0.41579718082497935,0.2717712402881336,0.3114906607726155,4.9411764705882355,1.4313725490196079,3.7889803921568626,2.7435803116923796,5.1,1.0588235294117647,1,0.5,100.0,5.0,83.9,-25.94306049822064,0.44517805508275204,3.162277660168379,3.1934594878794473,4.260710223864156,12.435966512835542
702275,Ritchie,Braves,2026-05-18,5,8.288660754642953,5.08,5,0.1987855042791798,0.09753238587374728,0.10125311840543251,0.24632916116907935,0.20550923479264854,0.385580394388944,0.0643600272431073,0.4643053264083006,0.22248634895435593,0.32366725700395255,4.558441558441558,1.4415584415584415,4.27025974025974,3.5888741920590945,5.133333333333334,1.4025974025974026,1,0.5,100.0,5.0,89.8,37.47330960854092,0.4991449542080315,4.47213595499958,4.499905075144513,2.5287822584579764,14.048539250827929
622491,"Castillo, L",Mariners,2026-06-07,8,8.279578461264935,6.52,8,0.22030035297429568,0.07292183430484932,0.14737851866944635,0.23646868678722877,0.21568209214822798,0.4922480620155038,0.1111708562978895,0.3795012792607018,0.23603314621758892,0.33015857679129884,4.640625,1.265625,3.315453125,2.783579066537857,5.333333333333333,1.4765625,1,0.5,100.0,5.0,97.25,-51.88612099644128,0.5535353560948935,2.23606797749979,2.303562760257923,5.331018128134793,11.228138794395075
702273,Schultz,White Sox,2026-05-24,7,8.255523680623922,6.53,7,0.2110024666081902,0.09398480249412731,0.11701766411406288,0.2663233094255,0.19715105882997133,0.38490547576277856,0.08969641215904305,0.4427512352900574,0.2646000654598647,0.3255713226312463,4.628571428571429,1.1714285714285715,4.151942857142857,3.2510949521486197,5.0,0.7714285714285715,2,0.5,100.0,5.0,81.85714285714286,17.295373665480426,0.5701216017735264,3.779644730092272,3.8224014606688157,3.3628498109678375,13.148197550280006
677944,Cecconi,Guardians,2026-06-09,14,8.23712162799448,5.98,14,0.19035736609230192,0.0666624817071496,0.12369488438515232,0.25874579353076266,0.19114205971074966,0.38848920863309355,0.08590774439272111,0.44692339745815685,0.24895826099034657,0.33382678956177503,4.830275229357798,1.4449541284403669,3.6139174311926605,2.577486346078271,5.190476190476191,1.238532110091743,3,0.5,100.0,5.0,85.42857142857143,2.882562277580071,0.26850769006767145,1.9611613513818404,1.9794570532798441,5.703416599796279,10.77082665619268
686799,Kochanowicz,Angels,2026-05-26,11,8.21363216475835,4.8,11,0.16231600480277494,0.1134258994288069,0.04889010537396804,0.25241004597871,0.2162368212505141,0.4385757217011201,0.07154782503111434,0.5678603184867836,0.19949882790396894,0.34307248940838797,4.989130434782608,1.3858695652173914,4.089304347826086,2.950808183966501,5.575757575757576,0.733695652173913,2,0.5,100.0,5.0,91.36363636363636,-37.47330960854092,0.5669750944638453,2.0851441405707476,2.1608532677391143,5.447739982052283,10.979524347464416
663903,Singer,Reds,2026-06-10,10,8.180970836364798,5.93,10,0.19382200555276216,0.07749660353886698,0.11632540201389518,0.2715456437781161,0.21703635243376462,0.41977993405112807,0.09769415324248619,0.418724971802858,0.2661706729028052,0.32313467662475576,4.558441558441558,1.4415584415584415,3.821077922077922,2.9596568367189904,5.133333333333334,1.9285714285714284,2,0.5,100.0,5.0,89.4,25.94306049822064,0.40553769937201667,2.1320071635561044,2.1702339438563976,5.403071388228609,10.958870284500987
641927,Ober,Twins,2026-05-30,12,8.156238218923166,8.81,12,0.16869612876872406,0.05838205882471298,0.11031406994401108,0.2576494658048031,0.19530996772784284,0.33990021278156873,0.100181598062954,0.35348618866432774,0.25319134917889674,0.32472128004936257,4.59,1.2149999999999999,3.7435099999999997,3.1655599219868025,5.555555555555556,1.6199999999999999,6,0.5,100.0,5.0,86.0,-20.177935943060497,0.4347407658311144,2.041241452319315,2.087023286918977,5.484848411666876,10.827628026179456
607067,Rea,Cubs,2026-06-09,11,8.154734863395152,6.9,11,0.1664378860672615,0.07346417023836378,0.09297371582889773,0.2521379384962751,0.18563993340432872,0.40435451536202155,0.1219637279127232,0.4427215058667441,0.2340893071852067,0.35013028714377875,4.675977653631285,1.340782122905028,3.9204022346368714,2.970138683084629,5.424242424242424,1.3575418994413408,5,0.5,100.0,5.0,87.18181818181819,69.1814946619217,0.5329043770495678,2.0851441405707476,2.1521647618235713,5.39996396826098,10.909505758529324
605135,Bassitt,Orioles,2026-05-28,10,8.13152069639145,6.88,10,0.17486005089058523,0.07354961832061069,0.10131043256997455,0.2557824261981577,0.20206561818045,0.3510575554199715,0.04659345129143787,0.4822102908277405,0.1851454138702461,0.3179638374148936,4.207792207792208,1.4805194805194803,3.6858441558441557,2.9255206805293,5.133333333333334,0.7012987012987013,4,0.5,100.0,5.0,86.1,-28.82562277580071,0.42083378459146825,2.1320071635561044,2.173144178306659,5.349896148158926,10.913145244623973
666157,Lodolo,Reds,2026-06-06,6,8.12420857800252,5.53,6,0.19124779541446207,0.06626194781710153,0.12498584759736055,0.26070910063421715,0.21166077296979846,0.40666513971598717,0.11052941561416137,0.4318361128492533,0.25506706205620694,0.34087966533150726,5.510204081632653,1.469387755102041,4.163,3.381701022705948,5.444444444444444,2.2040816326530615,2,0.5,100.0,5.0,92.5,25.94306049822064,0.521636637790172,2.3570226039551585,2.414054750298881,5.034218497619952,11.214198658385087
669432,"Rogers, Tr",Orioles,2026-06-09,10,8.09234377114167,5.47,10,0.18086384019215648,0.06257861430275223,0.11828522588940425,0.271793347329828,0.21208797877689736,0.40165176670923797,0.07140059599829715,0.38465930433476075,0.25282848771692584,0.3052978840220384,5.103658536585366,1.3353658536585367,3.9100853658536585,3.3018072780359273,5.466666666666667,1.4817073170731707,3,0.5,100.0,5.0,90.5,-28.82562277580071,0.42448659429426444,2.1320071635561044,2.1738545062147305,5.309810003186814,10.874877539096524
641778,Lauer,Dodgers,2026-06-09,3,8.07628043294799,3.62,10,0.1990269792127377,0.05150214592274678,0.14752483328999094,0.2431781767388357,0.16630248626941477,0.3723809523809524,0.06619047619047619,0.33772893772893775,0.30366300366300364,0.290289442820536,2.7551020408163267,0.8571428571428572,3.879469387755102,2.7452005542957925,5.444444444444444,2.2040816326530615,1,0.5,100.0,5.0,85.0,49.00355871886121,0.7832391299583417,2.581988897471611,2.6981716404566565,4.622620733163469,11.52994013273251
641743,Kay,White Sox,2026-06-05,11,8.041398228140116,8.61,11,0.19343030125769184,0.08259607251996134,0.1108342287377305,0.24832447985173275,0.1948699409851313,0.42523901632483774,0.09728503884140557,0.4654641426141632,0.18383841383680186,0.3391434932886844,3.4363636363636365,1.3272727272727274,3.465163636363636,2.826574747546077,5.0,1.309090909090909,5,0.5,100.0,5.0,89.36363636363636,17.295373665480426,0.430725671916466,3.015113445777636,3.0457238376709372,4.142871715921316,11.939924740358915
700241,McGreevy,Cardinals,2026-06-07,13,7.97038515773532,8.28,13,0.16164383561643836,0.05365172461946655,0.10799211099697181,0.24502485604274168,0.17739549269609933,0.4083279615212972,0.09820498834730004,0.49216259002430374,0.21458672434167986,0.35064048446275864,2.9861751152073737,1.0783410138248848,3.508184331797235,2.452530353346739,5.564102564102564,1.2442396313364057,3,0.5,100.0,5.0,87.15384615384616,14.412811387900355,0.36909820390955306,2.0,2.0337732135440416,5.367155444398946,10.573614871071694
669194,"Nelson, R",D-backs,2026-06-10,13,7.861192763756531,6.12,13,0.18099174427331638,0.06556525091994199,0.11542649335337439,0.22307109312121098,0.16571089656990345,0.44104912158463144,0.10177673816752103,0.35688250911218106,0.3225487107951222,0.33682606221216266,4.2631578947368425,1.118421052631579,4.109999999999999,3.15064880727577,5.846153846153846,2.013157894736842,2,0.5,100.0,5.0,90.15384615384616,34.59074733096085,0.6370246576830474,2.0,2.0989998605279143,5.174472942280801,10.547912585232261
547179,Lorenzen,Rockies,2026-06-10,10,7.821685807349839,4.35,10,0.18460862947134243,0.0685538488778717,0.11605478059347073,0.2591805263429606,0.1989111710362773,0.42446292446292444,0.08881958881958882,0.4356939356939357,0.25518925518925517,0.3343639708119453,5.711538461538462,1.6153846153846154,3.764923076923077,2.675573975694444,5.2,1.2115384615384615,2,0.5,100.0,5.0,90.7,0.0,0.4445981464622656,2.1320071635561044,2.177870991884558,5.034010937737605,10.609360676962073
518876,"Kelly, Me",D-backs,2026-06-05,10,7.783784310784039,6.41,10,0.15998526480020803,0.0827837729816147,0.07720149181859333,0.25248670995218897,0.22101142042686778,0.4454840705227343,0.14919063821012477,0.39013603880702075,0.2534392263079772,0.36852154533315307,5.708571428571428,1.4914285714285713,4.524594285714286,3.9582575753161233,5.833333333333334,2.005714285714286,5,0.5,100.0,5.0,94.6,34.59074733096085,0.6376684294006216,2.1320071635561044,2.225325947206117,4.93536709836021,10.632201523207868
643377,Jax,Rays,2026-06-07,5,7.679801107785934,4.25,5,0.2045948685643141,0.07694868991875178,0.12764617864556232,0.2822838592945472,0.24023822084069452,0.3577556505295585,0.08775471991948848,0.454816188394895,0.23804483489522,0.3226730608226313,3.5217391304347827,1.3043478260869565,3.6621739130434783,2.906042852770125,4.6,1.565217391304348,0,0.5,100.0,5.0,64.2,-34.59074733096085,0.6123371936442842,4.47213595499958,4.5138627403500164,1.9020568001379132,13.457545415433955
681517,Leahy,Cardinals,2026-05-30,11,7.59505853892281,7.79,11,0.19182720494507502,0.08004559997183902,0.111781604973236,0.2612419110101979,0.20437579176489382,0.47324400224599167,0.1053580764356925,0.4631856612469649,0.21805607544753486,0.3514448994052104,4.254545454545455,1.5636363636363637,3.6992363636363637,2.76719272709957,5.0,1.309090909090909,5,0.5,100.0,5.0,85.9090909090909,14.412811387900355,0.4345788680038817,3.015113445777636,3.046271144107928,3.695831474464662,11.494285603380959
669387,Mlodzinski,Pirates,2026-05-25,10,7.523339275547482,8.73,10,0.1777726001863933,0.07462556600487634,0.10314703418151695,0.2674129726021467,0.18329124579124578,0.4935805370587979,0.06523915219567393,0.46124605618276504,0.18926521458167025,0.34328674446010315,3.331168831168831,1.4025974025974026,3.4806363636363633,2.733197979481556,5.133333333333334,0.525974025974026,4,0.5,100.0,5.0,85.6,0.0,0.4847859222598481,2.1320071635561044,2.1864290374663153,4.724710107590598,10.321968443504366
663372,Feltner,Rockies,2026-06-05,5,7.430739705490032,6.15,5,0.1725493594938201,0.06960847204291247,0.10294088745090764,0.24989586675700864,0.21051408524864984,0.43278806303585265,0.11789839519186814,0.44265887842709084,0.23660855387888763,0.3392658387294901,4.333333333333333,1.1851851851851851,3.98,3.178583522593781,5.4,1.6666666666666667,2,0.5,100.0,5.0,76.6,0.0,0.41825461785354606,4.47213595499958,4.491651914981372,1.6814252543138757,13.180054156666188
681190,"Vásquez, R",Padres,2026-06-07,13,7.320285905045234,8.41,13,0.16857849251603707,0.07399817850637522,0.09458031400966185,0.24351858755944875,0.18761770244821094,0.453348929461425,0.13130244621878656,0.36361642834300334,0.24764036730778016,0.37464852250815595,3.634615384615385,1.2980769230769231,3.6491634615384614,3.1114443606143865,5.333333333333333,1.2980769230769231,5,0.5,100.0,5.0,87.23076923076923,14.412811387900355,0.41913325227676507,2.0,2.0434462760650445,4.7046746716819765,9.93589713840849
676083,Junk,Marlins,2026-05-25,11,7.241455601515245,5.5,11,0.1645636090036993,0.04364774283449055,0.12091586616920874,0.2390379987265408,0.148431097655959,0.42677846613971376,0.06977675710318308,0.45766830244413736,0.21184906379532137,0.3177110272569876,4.8,1.3,3.456033333333333,2.369130385794122,5.454545454545454,1.2,3,0.5,100.0,5.0,86.9090909090909,-5.765124555160142,0.3184001206592562,2.0851441405707476,2.109313804011236,4.541533932380863,9.941377270649628
669947,Scholtens,Rays,2026-05-15,6,7.196872528075762,8.39,6,0.19673577375585907,0.07456768930633756,0.12216808444952151,0.25060711001005104,0.20030109022385187,0.348391284243454,0.07853441259641869,0.42034742568325434,0.25467699047347014,0.30650656758285627,3.0681818181818183,1.125,3.9178181818181823,2.983100402977938,4.888888888888888,1.5340909090909092,3,0.5,100.0,5.0,77.5,-34.59074733096085,0.529216043840359,4.08248290463863,4.116641384396352,1.9275715560484317,12.466173500103093
694477,Patrick,Brewers,2026-05-27,6,7.130835145144477,6.96,6,0.1894107714184145,0.08908045977011494,0.10033031164829956,0.2574665060966431,0.22965239663373582,0.40055448408871747,0.0816055930568949,0.3345842385937191,0.2620975706103101,0.31675443046151663,2.793103448275862,1.2758620689655173,4.269241379310344,4.025890738813736,4.833333333333333,0.6206896551724138,2,0.5,100.0,5.0,80.0,-5.765124555160142,0.525082244829363,2.3570226039551585,2.4148016314783702,4.039889056852163,10.221781233436792
607536,"Freeland, K",Rockies,2026-06-07,10,7.082907173869325,2.33,10,0.18396617476372076,0.05334789613930718,0.13061827862441358,0.2672002217482107,0.2085230817672406,0.4532333645735708,0.10431115276476101,0.4371546391752577,0.2566185567010309,0.36291176572598743,7.114864864864865,1.581081081081081,3.6284729729729728,2.352410486334089,4.933333333333334,2.3716216216216215,1,0.5,100.0,5.0,86.4,0.0,0.594221025414896,2.1320071635561044,2.213267532970128,4.24992473166756,9.91588961607109
668678,Gallen,D-backs,2026-06-09,12,6.992278703650344,3.73,12,0.15490071373047842,0.06901688182720953,0.0858838319032689,0.2645695128760051,0.19296282609290738,0.45200599546979076,0.09865639640002957,0.4746412988883443,0.24524202869608894,0.34481456457118514,5.142857142857143,1.5396825396825398,4.0421587301587305,2.8544987529952563,5.25,1.5714285714285714,3,0.5,100.0,5.0,88.08333333333333,34.59074733096085,0.48117951181604524,2.041241452319315,2.09718868708998,4.307877184175169,9.67668022312552
571578,Corbin,Blue Jays,2026-06-03,11,6.892122485362869,4.6,11,0.1658973556563918,0.06790185953899633,0.09799549611739547,0.23476031578090667,0.19176882661996497,0.42891077135700095,0.07948950505312258,0.42778667887388416,0.213168535896849,0.34162679977045507,3.975460122699386,1.3803680981595092,3.6213987730061348,3.0038862721559196,4.9393939393939394,0.9938650306748466,2,0.5,100.0,5.0,78.81818181818181,2.882562277580071,0.36058699587959586,2.0851441405707476,2.11609287805474,4.183523601452801,9.600721369272936
682052,"Lopez, J",Athletics,2026-05-24,9,6.8785011294178755,4.67,9,0.19856060606060608,0.10238888888888889,0.09617171717171719,0.2537857310259842,0.2113775412219814,0.31326705940108,0.051423662248404514,0.3118622448979592,0.2965561224489796,0.2854377168309725,5.318181818181818,1.6590909090909092,5.027045454545454,4.368533753718024,4.888888888888889,2.0454545454545454,4,0.5,100.0,5.0,90.55555555555556,0.0,0.9032391379881664,2.182178902359924,2.361725153843768,3.8554929324978526,9.901509326337898
663978,Paddack,Marlins,2026-04-27,6,6.772361412189376,2.08,9,0.1914314920959439,0.04830658028332447,0.14312491181261944,0.2521337148770893,0.20122346068530333,0.4676247427983539,0.0775462962962963,0.418688803746275,0.24372073222647933,0.32262061775079837,6.107142857142857,1.5,3.4025,2.0581555807508174,4.666666666666667,1.6071428571428572,0,0.5,100.0,5.0,85.33333333333333,-5.765124555160142,0.5769264930894727,2.3570226039551585,2.426602508443456,3.666310201381752,9.878412622997
672456,"Montero, K",Tigers,2026-06-06,12,6.564485920210139,5.54,12,0.1663423382173382,0.06544048459186075,0.10090185362547746,0.248456865813837,0.1519346610301426,0.41160358565737054,0.09081531018782014,0.3759532282663955,0.26868327402135234,0.3149550122947489,3.9545454545454546,1.0303030303030303,3.765787878787879,3.133157838204533,5.5,1.0909090909090908,2,0.5,100.0,5.0,78.66666666666667,-60.53380782918149,0.6211372365798056,2.041241452319315,2.133653705110711,3.8334091776684285,9.295562662751848
650644,Civale,Athletics,2026-05-20,10,6.478393744602309,8.39,10,0.1711166870402539,0.07712300855139662,0.09399367848885729,0.2710937304264654,0.18111044923279174,0.4596511163015803,0.08076089472465965,0.3367941813336295,0.2970406973516185,0.32221548951399687,3.309677419354839,1.3935483870967742,4.121290322580645,3.4814434202099784,5.166666666666666,1.567741935483871,5,0.5,100.0,5.0,85.6,0.0,0.543927784528582,2.1320071635561044,2.200298157122511,3.662012103485495,9.294775385719124
605288,Houser,Giants,2026-06-09,12,6.252382076053372,3.2,12,0.1569424098150522,0.07668298219479322,0.08025942762025898,0.2576444702667226,0.1774601915685437,0.4537397319498487,0.09360138348465197,0.46767324816105305,0.20441347270615565,0.338366057597672,5.282608695652174,1.467391304347826,3.8969782608695653,3.0689392615482967,5.111111111111112,1.467391304347826,2,0.5,100.0,5.0,82.66666666666667,-8.647686832740213,0.31310981979933383,2.041241452319315,2.065116080495583,3.609033493019026,8.895730659087718
608566,Márquez,Padres,2026-05-01,5,6.075109443952238,6.23,5,0.15601023017902813,0.07981220657276995,0.07619802360625817,0.23338384335662468,0.18650793650793648,0.4597402597402597,0.11888111888111887,0.37735389610389614,0.28741883116883116,0.35797426035751345,5.0625,1.275,4.465625,3.7988561095721756,5.333333333333334,2.025,3,0.5,100.0,5.0,87.2,14.412811387900355,0.4682625509455064,2.42535625036333,2.47014630291294,2.9133221762236747,9.236896711680801
607200,Fedde,White Sox,2026-06-09,11,6.057486287103266,4.3,11,0.1443504539205608,0.08313636830747097,0.061214085613089844,0.2415585770421115,0.16382750153468384,0.39260008996851103,0.0891812865497076,0.40966010733452596,0.2459749552772809,0.3335679264366138,3.3157894736842106,1.1578947368421053,4.070350877192983,3.428729975609322,5.181818181818182,1.894736842105263,1,0.5,100.0,5.0,82.54545454545455,17.295373665480426,0.48731298555979774,2.0851441405707476,2.14133136923077,3.3165821344878808,8.798390439718652
663978,Paddack,Reds,2026-05-29,3,5.9561059594885535,2.08,9,0.13746882007609162,0.05908573456142167,0.07838308551466996,0.2311764874223736,0.18299858388016835,0.3498808214154749,0.06105610561056105,0.38818207520497594,0.2092168504382245,0.3424208125574405,5.4,1.8,4.4959999999999996,4.466524691358024,5.0,0.6,0,0.5,100.0,5.0,82.66666666666667,25.94306049822064,0.7559633007903317,2.581988897471611,2.6903804895977967,2.5124189328033735,9.399792986173733
500779,Quintana,Rockies,2026-05-18,7,5.903609605640707,4.21,7,0.13343754440812847,0.08316069843148861,0.05027684597663985,0.23335686340196932,0.18509174311926604,0.3569900687547746,0.07097020626432392,0.4309740259740259,0.25142857142857145,0.33207121448098853,3.75,1.3611111111111112,4.531333333333333,3.8245000202847983,5.142857142857143,1.25,2,0.5,100.0,5.0,82.85714285714286,0.0,0.3921833198421375,2.2941573387056176,2.327437571901606,2.9244895136066513,8.882729697674762
682227,Williamson,Reds,2026-04-22,5,5.863268632160828,3.45,5,0.1670848786195032,0.09787702327966159,0.0692078553398416,0.2509634981087133,0.21703661231426238,0.40176866023312585,0.09309596367892342,0.3926500945599366,0.27873678094947124,0.3436240301468587,5.4,1.52,5.394,4.845269245829743,5.0,1.44,2,0.5,100.0,5.0,92.0,25.94306049822064,0.7321516319310681,4.47213595499958,4.531671436913683,0.06272919291131362,11.663808071410344
641778,Lauer,Blue Jays,2026-05-10,7,5.414434112397755,3.62,10,0.19217460739952089,0.07165109034267912,0.12052351705684176,0.24259648723924288,0.1652542372881356,0.41398809523809527,0.1101190476190476,0.294235588972431,0.32355889724310777,0.3248557764484726,6.5533980582524265,1.3980582524271843,4.503864077669903,3.7718073330117092,4.904761904761905,2.8834951456310676,1,0.5,100.0,5.0,79.0,2.882562277580071,0.7296951366105481,2.2941573387056176,2.4074079187229422,2.3329519764323887,8.495916248363121
608372,Sugano,Rockies,2026-06-09,13,5.301245094518594,6.16,13,0.13702683399653096,0.06068085981692893,0.07634597417960202,0.23566496906482814,0.1648426179979653,0.452650952428114,0.14661945792479614,0.41380439799306207,0.24434618190480445,0.3855934953440395,4.082926829268293,1.2878048780487805,4.133717073170732,3.43463443953919,5.256410256410256,1.5804878048780489,6,0.5,100.0,5.0,85.84615384615384,0.0,0.4291253599043024,2.0,2.04551914547701,2.6829805883080207,7.9195096007291665
641793,Littell,Nationals,2026-06-06,11,4.930906211818254,6.2,11,0.15515601589473,0.05368450546371533,0.10147151043101466,0.23229971864762908,0.1605237964989059,0.4392082590612002,0.10412953060011884,0.3928962830923615,0.3051693404634581,0.3432586145794642,4.578947368421052,1.2982456140350878,4.406245614035088,3.2488122615576835,5.181818181818182,2.0526315789473686,5,0.5,100.0,5.0,78.0909090909091,-34.59074733096085,0.5938824860155145,2.0851441405707476,2.168068839809403,2.155778096862218,7.70603432677429
571945,Mikolas,Nationals,2026-06-08,8,4.644541116275313,1.0,8,0.1584439896340484,0.051225986279984835,0.10721800335406356,0.24269824008341376,0.14198403879179716,0.4577912433909582,0.12719063743836512,0.42032309025123576,0.2914946746165214,0.35351821381267556,6.75,1.225,3.9239999999999995,2.6220670144602773,5.0,2.7,1,0.5,100.0,5.0,80.25,-34.59074733096085,0.7494722867350264,2.23606797749979,2.358327523603079,1.6258818860633717,7.663200346487255
680573,Woods Richardson,Twins,2026-05-07,8,4.127282476838308,-1.14,9,0.13604549431321086,0.08947389509957125,0.04657159921363961,0.22571743929359822,0.16519802971001601,0.4485768779342723,0.09796801643192488,0.3823753330795584,0.24425834284989215,0.3386748683829071,6.923076923076923,1.7179487179487178,4.576410256410257,4.176565099243856,4.875,1.8461538461538463,0,0.5,100.0,5.0,82.0,-20.177935943060497,0.5390405876968215,2.23606797749979,2.3001227695896005,1.1831253317636188,7.0714396219129965
592836,"Walker, T",Phillies,2026-04-22,5,3.0584870363532817,-0.77,5,0.1442964090851415,0.07920270158965488,0.06509370749548661,0.2370062055109179,0.14454720906333812,0.3750511247443763,0.10988411724608045,0.4380739914482245,0.2438371444506414,0.3593532052097828,9.13235294117647,2.0735294117647056,4.855470588235294,3.6793162948960294,4.533333333333333,3.176470588235294,1,0.5,100.0,5.0,84.8,-25.94306049822064,1.02974746807151,2.42535625036333,2.634906599706365,-0.31419341127086575,6.431167483977429
